{
  "mod_id": "draconicevolution",
  "0": {
    "file": "http://pi.brandon3055.com/objects/eb/ebfab914d2eed961d370541ff877877836fd0986",
    "mod_version": "2.3.0"
  },
  "1": {
    "file": "http://pi.brandon3055.com/objects/22/2299e7abd98f22c203e762dcb69c838c8ac19531",
    "mod_version": "2.3.0"
  },
  "2": {
    "file": "http://pi.brandon3055.com/objects/80/80f3636c14cee6acd286c00f324632943b584da2",
    "mod_version": "2.3.0"
  },
  "3": {
    "file": "http://pi.brandon3055.com/objects/68/6865803714d8c9c68a578799a226711c58a96a39",
    "mod_version": "2.3.0"
  },
  "4": {
    "file": "http://pi.brandon3055.com/objects/6a/6a24af62f8eafb4c988fbb1f69598e528e530631",
    "mod_version": "2.3.0"
  },
  "5": {
    "file": "http://pi.brandon3055.com/objects/c8/c814cda1c851ad1a89954fed44588140144f9303",
    "mod_version": "2.3.0"
  },
  "6": {
    "file": "http://pi.brandon3055.com/objects/1e/1e42b6cb791536448a1041cfdb8b948dbf5b1d6c",
    "mod_version": "2.3.20"
  },
  "7": {
    "file": "http://pi.brandon3055.com/objects/b8/b85b6213d71c14c76f1701a022e29c549464ac84",
    "mod_version": "2.3.0"
  },
  "8": {
    "file": "http://pi.brandon3055.com/objects/47/47fd238e2f41a56d3eef03a2d121652232b5835e",
    "mod_version": "2.3.20"
  },
  "9": {
    "file": "http://pi.brandon3055.com/objects/4c/4c48877f53927b4fde83912c6ca2429750ef7ad5",
    "mod_version": "2.3.0"
  }
}