{
  "mod_id": "enderio",
  "base_files": [
    {
      "file_path": "structure/lang/en_us.json",
      "url": "http://pi.brandon3055.com/objects/5a/5aed103d3580adce2d95cf589d0c568b6e02357f",
      "sha1": "5aed103d3580adce2d95cf589d0c568b6e02357f"
    },
    {
      "file_path": "structure/structure.json",
      "url": "http://pi.brandon3055.com/objects/db/db0a3fcba99cf743f46a9230d31f9e8be683549f",
      "sha1": "db0a3fcba99cf743f46a9230d31f9e8be683549f"
    },
    {
      "file_path": "structure/en_us/enderio_6f297.md",
      "url": "http://pi.brandon3055.com/objects/dd/dd1e047ec62bf05f282ce85fd70582371f739508",
      "sha1": "dd1e047ec62bf05f282ce85fd70582371f739508"
    }
  ],
  "lang_files": [
    {
      "file_path": "en_us/impulse_hopper_3d634.md",
      "url": "http://pi.brandon3055.com/objects/a0/a00fa129d4c77542d87344e7f448bfdb8faf6273",
      "sha1": "a00fa129d4c77542d87344e7f448bfdb8faf6273",
      "lang": "en_us"
    },
    {
      "file_path": "en_us/crafter_504e5.md",
      "url": "http://pi.brandon3055.com/objects/00/009a985d61675adf79eab58c3206b2d0caf2ad07",
      "sha1": "009a985d61675adf79eab58c3206b2d0caf2ad07",
      "lang": "en_us"
    },
    {
      "file_path": "en_us/transceiver_e630a.md",
      "url": "http://pi.brandon3055.com/objects/ba/ba52cc3d9d17e63006bfaee9716d45ac6fa6ffdc",
      "sha1": "ba52cc3d9d17e63006bfaee9716d45ac6fa6ffdc",
      "lang": "en_us"
    },
    {
      "file_path": "en_us/cap_bank_c785a.md",
      "url": "http://pi.brandon3055.com/objects/a6/a603b42e1f735d7f2523c7e52850fdccb948a051",
      "sha1": "a603b42e1f735d7f2523c7e52850fdccb948a051",
      "lang": "en_us"
    },
    {
      "file_path": "en_us/buffer_53ade.md",
      "url": "http://pi.brandon3055.com/objects/62/629a2150609f6dd9645fafb1a7bd6fd25a9e8499",
      "sha1": "629a2150609f6dd9645fafb1a7bd6fd25a9e8499",
      "lang": "en_us"
    },
    {
      "file_path": "en_us/soul_filter_3b8a8.md",
      "url": "http://pi.brandon3055.com/objects/2c/2c2da9ec0a543e2f1c9b2ac7903de2c6dd263d1a",
      "sha1": "2c2da9ec0a543e2f1c9b2ac7903de2c6dd263d1a",
      "lang": "en_us"
    },
    {
      "file_path": "en_us/relocator_obelisk_486de.md",
      "url": "http://pi.brandon3055.com/objects/fc/fcebe42efef3be5ff6ce20ca6b6472b4b4436328",
      "sha1": "fcebe42efef3be5ff6ce20ca6b6472b4b4436328",
      "lang": "en_us"
    },
    {
      "file_path": "en_us/fluid_filter_6d14d.md",
      "url": "http://pi.brandon3055.com/objects/00/00b2180566575c30a8b3de9a1cf49b94b3a4f8c2",
      "sha1": "00b2180566575c30a8b3de9a1cf49b94b3a4f8c2",
      "lang": "en_us"
    },
    {
      "file_path": "en_us/travel_auth_aca62.md",
      "url": "http://pi.brandon3055.com/objects/eb/eb769fe9b9e4c30c2e874702bb102390c1cf1bd7",
      "sha1": "eb769fe9b9e4c30c2e874702bb102390c1cf1bd7",
      "lang": "en_us"
    },
    {
      "file_path": "en_us/redstone_signal_logic_cd361.md",
      "url": "http://pi.brandon3055.com/objects/bd/bdb37dddeec3558b049a4ac25d8981f6d91334ed",
      "sha1": "bdb37dddeec3558b049a4ac25d8981f6d91334ed",
      "lang": "en_us"
    },
    {
      "file_path": "en_us/sag_mill_77dd2.md",
      "url": "http://pi.brandon3055.com/objects/e0/e0a55a0288b41ecc9690d99bc8aa08801108500f",
      "sha1": "e0a55a0288b41ecc9690d99bc8aa08801108500f",
      "lang": "en_us"
    },
    {
      "file_path": "en_us/mod_item_filter_e206d.md",
      "url": "http://pi.brandon3055.com/objects/c3/c380f621891054659908d75641cfc60706b9db9d",
      "sha1": "c380f621891054659908d75641cfc60706b9db9d",
      "lang": "en_us"
    },
    {
      "file_path": "en_us/weather_obelisk_4d38f.md",
      "url": "http://pi.brandon3055.com/objects/1d/1dac5e73fd9805a09c8f7429862d2374dca5fa1a",
      "sha1": "1dac5e73fd9805a09c8f7429862d2374dca5fa1a",
      "lang": "en_us"
    },
    {
      "file_path": "en_us/power_monitor_64c83.md",
      "url": "http://pi.brandon3055.com/objects/df/df6da1842841a0aa855fc39e3b5ea8344e6e7a72",
      "sha1": "df6da1842841a0aa855fc39e3b5ea8344e6e7a72",
      "lang": "en_us"
    },
    {
      "file_path": "en_us/basic_item_filter_2d237.md",
      "url": "http://pi.brandon3055.com/objects/75/75e4fa9ef41f3c354cb0e44f806c76d282e84b63",
      "sha1": "75e4fa9ef41f3c354cb0e44f806c76d282e84b63",
      "lang": "en_us"
    },
    {
      "file_path": "en_us/farm_station_ada2b.md",
      "url": "http://pi.brandon3055.com/objects/b1/b16de941c56429b86f594cdaa2ce0e669ebbc8c3",
      "sha1": "b16de941c56429b86f594cdaa2ce0e669ebbc8c3",
      "lang": "en_us"
    },
    {
      "file_path": "en_us/powered_spawner_f2a50.md",
      "url": "http://pi.brandon3055.com/objects/a1/a19e417922a4cb946e9540c1a57845b69f9b54dd",
      "sha1": "a19e417922a4cb946e9540c1a57845b69f9b54dd",
      "lang": "en_us"
    },
    {
      "file_path": "en_us/tele_pad_bcbd4.md",
      "url": "http://pi.brandon3055.com/objects/a5/a5f21bf234fb53951286c79bf652f90ed9a07220",
      "sha1": "a5f21bf234fb53951286c79bf652f90ed9a07220",
      "lang": "en_us"
    },
    {
      "file_path": "en_us/experience_obelisk_6cd4f.md",
      "url": "http://pi.brandon3055.com/objects/78/78fce81c184d816e26932c4a5a7d28c448c91760",
      "sha1": "78fce81c184d816e26932c4a5a7d28c448c91760",
      "lang": "en_us"
    },
    {
      "file_path": "en_us/x_p_vacuum_69c92.md",
      "url": "http://pi.brandon3055.com/objects/c1/c11d2250848f3db41d1899e586eb5e71ba3aed1f",
      "sha1": "c11d2250848f3db41d1899e586eb5e71ba3aed1f",
      "lang": "en_us"
    },
    {
      "file_path": "en_us/travel_accessable_34d5b.md",
      "url": "http://pi.brandon3055.com/objects/8f/8fb5c453dbd78646a5028655c9659b461e78a14e",
      "sha1": "8fb5c453dbd78646a5028655c9659b461e78a14e",
      "lang": "en_us"
    },
    {
      "file_path": "en_us/machines/capacitors_d04ab.md",
      "url": "http://pi.brandon3055.com/objects/20/20f88b3201694df5de53ffb4692d7f73a0c19877",
      "sha1": "20f88b3201694df5de53ffb4692d7f73a0c19877",
      "lang": "en_us"
    },
    {
      "file_path": "en_us/stirling_generator_6df1f.md",
      "url": "http://pi.brandon3055.com/objects/fb/fbd4016746cd26c8243fd66c9ee81205cf8ca440",
      "sha1": "fbd4016746cd26c8243fd66c9ee81205cf8ca440",
      "lang": "en_us"
    },
    {
      "file_path": "en_us/lava_generator_b8a26.md",
      "url": "http://pi.brandon3055.com/objects/7e/7e3b407f82d246e2d3d7a0eb6080ad15e96d6940",
      "sha1": "7e3b407f82d246e2d3d7a0eb6080ad15e96d6940",
      "lang": "en_us"
    },
    {
      "file_path": "en_us/dialing_device_no_telepad_dc64b.md",
      "url": "http://pi.brandon3055.com/objects/cf/cf4172bdc7204ee6b522dc40d4643f2edc725970",
      "sha1": "cf4172bdc7204ee6b522dc40d4643f2edc725970",
      "lang": "en_us"
    },
    {
      "file_path": "en_us/furnace_f81dd.md",
      "url": "http://pi.brandon3055.com/objects/4a/4a17929831097ea756ce6846a5ad94a49857152a",
      "sha1": "4a17929831097ea756ce6846a5ad94a49857152a",
      "lang": "en_us"
    },
    {
      "file_path": "en_us/tank_b3cb4.md",
      "url": "http://pi.brandon3055.com/objects/a7/a74681a4ac94a3c71e9bec6c123bebf8cbe397d2",
      "sha1": "a74681a4ac94a3c71e9bec6c123bebf8cbe397d2",
      "lang": "en_us"
    },
    {
      "file_path": "en_us/attractor_obelisk_91da7.md",
      "url": "http://pi.brandon3055.com/objects/1e/1ee1aae31ab787f2908c39dfd5715ed4fe631b13",
      "sha1": "1ee1aae31ab787f2908c39dfd5715ed4fe631b13",
      "lang": "en_us"
    },
    {
      "file_path": "en_us/basic_item_filter_big_7fc8d.md",
      "url": "http://pi.brandon3055.com/objects/e4/e4f49353b4bcec13ae4c1e77a7ba538f704c0726",
      "sha1": "e4f49353b4bcec13ae4c1e77a7ba538f704c0726",
      "lang": "en_us"
    },
    {
      "file_path": "en_us/wired_charger_11dd9.md",
      "url": "http://pi.brandon3055.com/objects/d2/d2a1a61def47131c662b751a155bf8ff802c9ab9",
      "sha1": "d2a1a61def47131c662b751a155bf8ff802c9ab9",
      "lang": "en_us"
    },
    {
      "file_path": "en_us/alloy_smelter_52138.md",
      "url": "http://pi.brandon3055.com/objects/25/2555efd8150ef8392bef25cb0e9f0f9709e1922f",
      "sha1": "2555efd8150ef8392bef25cb0e9f0f9709e1922f",
      "lang": "en_us"
    },
    {
      "file_path": "en_us/machines_39aa7.md",
      "url": "http://pi.brandon3055.com/objects/63/63a3de7fa6bcd2af54a1f849c725924297dffe50",
      "sha1": "63a3de7fa6bcd2af54a1f849c725924297dffe50",
      "lang": "en_us"
    },
    {
      "file_path": "en_us/enchantment_filter_73c8f.md",
      "url": "http://pi.brandon3055.com/objects/8e/8e223c4c9b328c2c30fb05a08cdd0e43d082006c",
      "sha1": "8e223c4c9b328c2c30fb05a08cdd0e43d082006c",
      "lang": "en_us"
    },
    {
      "file_path": "en_us/basic_item_filter_advanced_fa4ac.md",
      "url": "http://pi.brandon3055.com/objects/25/25af5d89096c719e94f3e0ad40555afbf780d332",
      "sha1": "25af5d89096c719e94f3e0ad40555afbf780d332",
      "lang": "en_us"
    },
    {
      "file_path": "en_us/slice_and_splice_2f908.md",
      "url": "http://pi.brandon3055.com/objects/b9/b9e16d877ba4ab528f0c9583cee7ced5b248c970",
      "sha1": "b9e16d877ba4ab528f0c9583cee7ced5b248c970",
      "lang": "en_us"
    },
    {
      "file_path": "en_us/combustion_generator_de745.md",
      "url": "http://pi.brandon3055.com/objects/41/4195a797743dee0d15a9ede06b304313b6949b16",
      "sha1": "4195a797743dee0d15a9ede06b304313b6949b16",
      "lang": "en_us"
    },
    {
      "file_path": "en_us/zombie_generator_c3bf0.md",
      "url": "http://pi.brandon3055.com/objects/80/80c93032b8bf50d1f2aa4137425dcd84e2a37190",
      "sha1": "80c93032b8bf50d1f2aa4137425dcd84e2a37190",
      "lang": "en_us"
    },
    {
      "file_path": "en_us/vat_4febc.md",
      "url": "http://pi.brandon3055.com/objects/93/938d418b983f1315a49f3d86b1a521e6573f6d73",
      "sha1": "938d418b983f1315a49f3d86b1a521e6573f6d73",
      "lang": "en_us"
    },
    {
      "file_path": "en_us/enchanter_5dd60.md",
      "url": "http://pi.brandon3055.com/objects/b7/b7b938bc4e9d5800b6a9553040a653a03bffe411",
      "sha1": "b7b938bc4e9d5800b6a9553040a653a03bffe411",
      "lang": "en_us"
    },
    {
      "file_path": "en_us/external_connection_68afd.md",
      "url": "http://pi.brandon3055.com/objects/cc/cc5007f6182e4d270f63826f62e048821761a998",
      "sha1": "cc5007f6182e4d270f63826f62e048821761a998",
      "lang": "en_us"
    },
    {
      "file_path": "en_us/basic_item_filter_advanced_big_d5396.md",
      "url": "http://pi.brandon3055.com/objects/26/2650aa1cb3c64a13b6c094ca892adb5cd47c8d86",
      "sha1": "2650aa1cb3c64a13b6c094ca892adb5cd47c8d86",
      "lang": "en_us"
    },
    {
      "file_path": "en_us/aversion_obelisk_8dda3.md",
      "url": "http://pi.brandon3055.com/objects/5c/5cfd590eb667130cac2d45e9fe3b6d5b56bf9d56",
      "sha1": "5cfd590eb667130cac2d45e9fe3b6d5b56bf9d56",
      "lang": "en_us"
    },
    {
      "file_path": "en_us/power_item_filter_13e13.md",
      "url": "http://pi.brandon3055.com/objects/9c/9cae3c6ed332238e127c155a8469811048357ead",
      "sha1": "9cae3c6ed332238e127c155a8469811048357ead",
      "lang": "en_us"
    },
    {
      "file_path": "en_us/vacuum_chest_4b559.md",
      "url": "http://pi.brandon3055.com/objects/13/139490e5e2757ddee05a205ec41d9d01c18980a6",
      "sha1": "139490e5e2757ddee05a205ec41d9d01c18980a6",
      "lang": "en_us"
    },
    {
      "file_path": "en_us/dialing_device_bfa73.md",
      "url": "http://pi.brandon3055.com/objects/42/42b257938876dde3072f57e80e0b22e11cc16a67",
      "sha1": "42b257938876dde3072f57e80e0b22e11cc16a67",
      "lang": "en_us"
    },
    {
      "file_path": "en_us/painter_7982f.md",
      "url": "http://pi.brandon3055.com/objects/e7/e757cf57906e0d548698c6741e09b50eb6e957b7",
      "sha1": "e757cf57906e0d548698c6741e09b50eb6e957b7",
      "lang": "en_us"
    },
    {
      "file_path": "en_us/basic_item_filter_advanced_limited_f5754.md",
      "url": "http://pi.brandon3055.com/objects/48/48eddfcddf3f6b63a7b5bb26e5ebefb87994b50d",
      "sha1": "48eddfcddf3f6b63a7b5bb26e5ebefb87994b50d",
      "lang": "en_us"
    },
    {
      "file_path": "en_us/inhibitor_obelisk_2053d.md",
      "url": "http://pi.brandon3055.com/objects/66/66088121db30f524b044a44a0ef44260500006fc",
      "sha1": "66088121db30f524b044a44a0ef44260500006fc",
      "lang": "en_us"
    },
    {
      "file_path": "en_us/soul_binder_67dc0.md",
      "url": "http://pi.brandon3055.com/objects/d8/d88f5de2c20f2d10ff21f3d8f7409763b35d5237",
      "sha1": "d88f5de2c20f2d10ff21f3d8f7409763b35d5237",
      "lang": "en_us"
    },
    {
      "file_path": "en_us/killer_joe_e0a1e.md",
      "url": "http://pi.brandon3055.com/objects/90/90b9feb4efa9e6f638f7c4babd7696f90d6ead4d",
      "sha1": "90b9feb4efa9e6f638f7c4babd7696f90d6ead4d",
      "lang": "en_us"
    }
  ]
}