{
  "mod_id": "projectintelligence",
  "0": {
    "file": "http://pi.brandon3055.com/objects/38/3818a06938ca2a8799e90db25be676ea59eefc56",
    "mod_version": "1.0.0"
  },
  "1": {
    "file": "http://pi.brandon3055.com/objects/27/27106b6544c7ea2ae30636d9190f2864aee7b446",
    "mod_version": "1.0.0"
  },
  "2": {
    "file": "http://pi.brandon3055.com/objects/72/723f10ca5d6f5a77fa7e1d8fb3be1baa59b10d8e",
    "mod_version": "1.0.0"
  },
  "3": {
    "file": "http://pi.brandon3055.com/objects/58/587c8873176e07c010ac43a300b93c67d1177766",
    "mod_version": "1.0.0"
  }
}