<!-->
	<Recipe timeRequired="NUMBER" power="NUMBER">
		<input>
			<fluidStack>FLUID NAME SIZE</fluidStack>
			<itemStack>ITEM_NAME SIZE META</itemStack>
			<oreDict>OREDICT_NAME SIZE</oreDict>
        </input>
		<output>
			<fluidStack>FLUID_NAME SIZE</fluidStack>
			<itemStack>ITEM_NAME SIZE META</itemStack>
			<oreDict>OREDICT_NAME SIZE</oreDict>
		</output>
	</Recipe>
	
	Can have Multiple In/Outputs
	Some Machines can only Accept either Fluids or Items
	
	timeRequired="NUMBER"	how long a Recipe takes, Unit is in Ticks.
	power="NUMBER" how much Power the Recipes takes per Tick. Unit is in RF.
	
	The "useDefault" attribute will prevent loading of recipes if set to "false"
<!-->
<Recipes useDefault="false">
	<Recipe timeRequired="40" power ="200">
		<input>
			<itemStack>advancedrocketry:carbonscrubbercartridge 1 32767</itemStack>
		</input>
		<output>
			<itemStack>advancedrocketry:carbonscrubbercartridge</itemStack>
			<itemStack>minecraft:coal 1 1</itemStack>
		</output>
	</Recipe>
	<Recipe timeRequired="100" power ="100">
		<input>
			<itemStack>minecraft:bone</itemStack>
			<fluidStack>nitrogen 10</fluidStack>
		</input>
		<output>
			<itemStack>minecraft:dye 5 15</itemStack>
		</output>
	</Recipe>
	<Recipe timeRequired="100" power ="100">
		<input>
			<fluidStack>oxygen 10</fluidStack>
			<fluidStack>hydrogen 10</fluidStack>
		</input>
		<output>
			<fluidStack>rocketfuel 20</fluidStack>
		</output>
	</Recipe>
	<Recipe timeRequired="100" power ="10">
		<input>
			<itemStack>minecraft:leather_helmet</itemStack>
			<oreDict>gemDiamond</oreDict>
		</input>
		<output>
			<itemStack>minecraft:leather_helmet</itemStack>
		</output>
	</Recipe>
	<Recipe timeRequired="100" power ="10">
		<input>
			<itemStack>minecraft:leather_chestplate</itemStack>
			<oreDict>gemDiamond</oreDict>
			<itemStack>advancedrocketry:pressuretank 1 3</itemStack>
		</input>
		<output>
			<itemStack>minecraft:leather_chestplate</itemStack>
		</output>
	</Recipe>
	<Recipe timeRequired="100" power ="10">
		<input>
			<itemStack>minecraft:leather_leggings</itemStack>
			<oreDict>gemDiamond</oreDict>
		</input>
		<output>
			<itemStack>minecraft:leather_leggings</itemStack>
		</output>
	</Recipe>
	<Recipe timeRequired="100" power ="10">
		<input>
			<itemStack>minecraft:leather_boots</itemStack>
			<oreDict>gemDiamond</oreDict>
		</input>
		<output>
			<itemStack>minecraft:leather_boots</itemStack>
		</output>
	</Recipe>
	<Recipe timeRequired="100" power ="10">
		<input>
			<itemStack>minecraft:chainmail_helmet</itemStack>
			<oreDict>gemDiamond</oreDict>
		</input>
		<output>
			<itemStack>minecraft:chainmail_helmet</itemStack>
		</output>
	</Recipe>
	<Recipe timeRequired="100" power ="10">
		<input>
			<itemStack>minecraft:chainmail_chestplate</itemStack>
			<oreDict>gemDiamond</oreDict>
			<itemStack>advancedrocketry:pressuretank 1 3</itemStack>
		</input>
		<output>
			<itemStack>minecraft:chainmail_chestplate</itemStack>
		</output>
	</Recipe>
	<Recipe timeRequired="100" power ="10">
		<input>
			<itemStack>minecraft:chainmail_leggings</itemStack>
			<oreDict>gemDiamond</oreDict>
		</input>
		<output>
			<itemStack>minecraft:chainmail_leggings</itemStack>
		</output>
	</Recipe>
	<Recipe timeRequired="100" power ="10">
		<input>
			<itemStack>minecraft:chainmail_boots</itemStack>
			<oreDict>gemDiamond</oreDict>
		</input>
		<output>
			<itemStack>minecraft:chainmail_boots</itemStack>
		</output>
	</Recipe>
	<Recipe timeRequired="100" power ="10">
		<input>
			<itemStack>minecraft:iron_helmet</itemStack>
			<oreDict>gemDiamond</oreDict>
		</input>
		<output>
			<itemStack>minecraft:iron_helmet</itemStack>
		</output>
	</Recipe>
	<Recipe timeRequired="100" power ="10">
		<input>
			<itemStack>minecraft:iron_chestplate</itemStack>
			<oreDict>gemDiamond</oreDict>
			<itemStack>advancedrocketry:pressuretank 1 3</itemStack>
		</input>
		<output>
			<itemStack>minecraft:iron_chestplate</itemStack>
		</output>
	</Recipe>
	<Recipe timeRequired="100" power ="10">
		<input>
			<itemStack>minecraft:iron_leggings</itemStack>
			<oreDict>gemDiamond</oreDict>
		</input>
		<output>
			<itemStack>minecraft:iron_leggings</itemStack>
		</output>
	</Recipe>
	<Recipe timeRequired="100" power ="10">
		<input>
			<itemStack>minecraft:iron_boots</itemStack>
			<oreDict>gemDiamond</oreDict>
		</input>
		<output>
			<itemStack>minecraft:iron_boots</itemStack>
		</output>
	</Recipe>
	<Recipe timeRequired="100" power ="10">
		<input>
			<itemStack>minecraft:diamond_helmet</itemStack>
			<oreDict>gemDiamond</oreDict>
		</input>
		<output>
			<itemStack>minecraft:diamond_helmet</itemStack>
		</output>
	</Recipe>
	<Recipe timeRequired="100" power ="10">
		<input>
			<itemStack>minecraft:diamond_chestplate</itemStack>
			<oreDict>gemDiamond</oreDict>
			<itemStack>advancedrocketry:pressuretank 1 3</itemStack>
		</input>
		<output>
			<itemStack>minecraft:diamond_chestplate</itemStack>
		</output>
	</Recipe>
	<Recipe timeRequired="100" power ="10">
		<input>
			<itemStack>minecraft:diamond_leggings</itemStack>
			<oreDict>gemDiamond</oreDict>
		</input>
		<output>
			<itemStack>minecraft:diamond_leggings</itemStack>
		</output>
	</Recipe>
	<Recipe timeRequired="100" power ="10">
		<input>
			<itemStack>minecraft:diamond_boots</itemStack>
			<oreDict>gemDiamond</oreDict>
		</input>
		<output>
			<itemStack>minecraft:diamond_boots</itemStack>
		</output>
	</Recipe>
	<Recipe timeRequired="100" power ="10">
		<input>
			<itemStack>minecraft:golden_helmet</itemStack>
			<oreDict>gemDiamond</oreDict>
		</input>
		<output>
			<itemStack>minecraft:golden_helmet</itemStack>
		</output>
	</Recipe>
	<Recipe timeRequired="100" power ="10">
		<input>
			<itemStack>minecraft:golden_chestplate</itemStack>
			<oreDict>gemDiamond</oreDict>
			<itemStack>advancedrocketry:pressuretank 1 3</itemStack>
		</input>
		<output>
			<itemStack>minecraft:golden_chestplate</itemStack>
		</output>
	</Recipe>
	<Recipe timeRequired="100" power ="10">
		<input>
			<itemStack>minecraft:golden_leggings</itemStack>
			<oreDict>gemDiamond</oreDict>
		</input>
		<output>
			<itemStack>minecraft:golden_leggings</itemStack>
		</output>
	</Recipe>
	<Recipe timeRequired="100" power ="10">
		<input>
			<itemStack>minecraft:golden_boots</itemStack>
			<oreDict>gemDiamond</oreDict>
		</input>
		<output>
			<itemStack>minecraft:golden_boots</itemStack>
		</output>
	</Recipe>
	<Recipe timeRequired="100" power ="10">
		<input>
			<itemStack>ic2:advanced_batpack</itemStack>
			<oreDict>gemDiamond</oreDict>
			<itemStack>advancedrocketry:pressuretank 1 3</itemStack>
		</input>
		<output>
			<itemStack>ic2:advanced_batpack</itemStack>
		</output>
	</Recipe>
	<Recipe timeRequired="100" power ="10">
		<input>
			<itemStack>ic2:alloy_chestplate</itemStack>
			<oreDict>gemDiamond</oreDict>
			<itemStack>advancedrocketry:pressuretank 1 3</itemStack>
		</input>
		<output>
			<itemStack>ic2:alloy_chestplate</itemStack>
		</output>
	</Recipe>
	<Recipe timeRequired="100" power ="10">
		<input>
			<itemStack>ic2:batpack</itemStack>
			<oreDict>gemDiamond</oreDict>
			<itemStack>advancedrocketry:pressuretank 1 3</itemStack>
		</input>
		<output>
			<itemStack>ic2:batpack</itemStack>
		</output>
	</Recipe>
	<Recipe timeRequired="100" power ="10">
		<input>
			<itemStack>ic2:bronze_boots</itemStack>
			<oreDict>gemDiamond</oreDict>
		</input>
		<output>
			<itemStack>ic2:bronze_boots</itemStack>
		</output>
	</Recipe>
	<Recipe timeRequired="100" power ="10">
		<input>
			<itemStack>ic2:bronze_chestplate</itemStack>
			<oreDict>gemDiamond</oreDict>
			<itemStack>advancedrocketry:pressuretank 1 3</itemStack>
		</input>
		<output>
			<itemStack>ic2:bronze_chestplate</itemStack>
		</output>
	</Recipe>
	<Recipe timeRequired="100" power ="10">
		<input>
			<itemStack>ic2:bronze_helmet</itemStack>
			<oreDict>gemDiamond</oreDict>
		</input>
		<output>
			<itemStack>ic2:bronze_helmet</itemStack>
		</output>
	</Recipe>
	<Recipe timeRequired="100" power ="10">
		<input>
			<itemStack>ic2:bronze_leggings</itemStack>
			<oreDict>gemDiamond</oreDict>
		</input>
		<output>
			<itemStack>ic2:bronze_leggings</itemStack>
		</output>
	</Recipe>
	<Recipe timeRequired="100" power ="10">
		<input>
			<itemStack>ic2:cf_pack</itemStack>
			<oreDict>gemDiamond</oreDict>
			<itemStack>advancedrocketry:pressuretank 1 3</itemStack>
		</input>
		<output>
			<itemStack>ic2:cf_pack</itemStack>
		</output>
	</Recipe>
	<Recipe timeRequired="100" power ="10">
		<input>
			<itemStack>ic2:energy_pack</itemStack>
			<oreDict>gemDiamond</oreDict>
			<itemStack>advancedrocketry:pressuretank 1 3</itemStack>
		</input>
		<output>
			<itemStack>ic2:energy_pack</itemStack>
		</output>
	</Recipe>
	<Recipe timeRequired="100" power ="10">
		<input>
			<itemStack>ic2:hazmat_chestplate</itemStack>
			<oreDict>gemDiamond</oreDict>
			<itemStack>advancedrocketry:pressuretank 1 3</itemStack>
		</input>
		<output>
			<itemStack>ic2:hazmat_chestplate</itemStack>
		</output>
	</Recipe>
	<Recipe timeRequired="100" power ="10">
		<input>
			<itemStack>ic2:hazmat_helmet</itemStack>
			<oreDict>gemDiamond</oreDict>
		</input>
		<output>
			<itemStack>ic2:hazmat_helmet</itemStack>
		</output>
	</Recipe>
	<Recipe timeRequired="100" power ="10">
		<input>
			<itemStack>ic2:hazmat_leggings</itemStack>
			<oreDict>gemDiamond</oreDict>
		</input>
		<output>
			<itemStack>ic2:hazmat_leggings</itemStack>
		</output>
	</Recipe>
	<Recipe timeRequired="100" power ="10">
		<input>
			<itemStack>ic2:jetpack</itemStack>
			<oreDict>gemDiamond</oreDict>
			<itemStack>advancedrocketry:pressuretank 1 3</itemStack>
		</input>
		<output>
			<itemStack>ic2:jetpack</itemStack>
		</output>
	</Recipe>
	<Recipe timeRequired="100" power ="10">
		<input>
			<itemStack>ic2:jetpack_electric</itemStack>
			<oreDict>gemDiamond</oreDict>
			<itemStack>advancedrocketry:pressuretank 1 3</itemStack>
		</input>
		<output>
			<itemStack>ic2:jetpack_electric</itemStack>
		</output>
	</Recipe>
	<Recipe timeRequired="100" power ="10">
		<input>
			<itemStack>ic2:lappack</itemStack>
			<oreDict>gemDiamond</oreDict>
			<itemStack>advancedrocketry:pressuretank 1 3</itemStack>
		</input>
		<output>
			<itemStack>ic2:lappack</itemStack>
		</output>
	</Recipe>
	<Recipe timeRequired="100" power ="10">
		<input>
			<itemStack>ic2:nano_boots</itemStack>
			<oreDict>gemDiamond</oreDict>
		</input>
		<output>
			<itemStack>ic2:nano_boots</itemStack>
		</output>
	</Recipe>
	<Recipe timeRequired="100" power ="10">
		<input>
			<itemStack>ic2:nano_chestplate</itemStack>
			<oreDict>gemDiamond</oreDict>
			<itemStack>advancedrocketry:pressuretank 1 3</itemStack>
		</input>
		<output>
			<itemStack>ic2:nano_chestplate</itemStack>
		</output>
	</Recipe>
	<Recipe timeRequired="100" power ="10">
		<input>
			<itemStack>ic2:nano_helmet</itemStack>
			<oreDict>gemDiamond</oreDict>
		</input>
		<output>
			<itemStack>ic2:nano_helmet</itemStack>
		</output>
	</Recipe>
	<Recipe timeRequired="100" power ="10">
		<input>
			<itemStack>ic2:nano_leggings</itemStack>
			<oreDict>gemDiamond</oreDict>
		</input>
		<output>
			<itemStack>ic2:nano_leggings</itemStack>
		</output>
	</Recipe>
	<Recipe timeRequired="100" power ="10">
		<input>
			<itemStack>ic2:nightvision_goggles</itemStack>
			<oreDict>gemDiamond</oreDict>
		</input>
		<output>
			<itemStack>ic2:nightvision_goggles</itemStack>
		</output>
	</Recipe>
	<Recipe timeRequired="100" power ="10">
		<input>
			<itemStack>ic2:quantum_boots</itemStack>
			<oreDict>gemDiamond</oreDict>
		</input>
		<output>
			<itemStack>ic2:quantum_boots</itemStack>
		</output>
	</Recipe>
	<Recipe timeRequired="100" power ="10">
		<input>
			<itemStack>ic2:quantum_chestplate</itemStack>
			<oreDict>gemDiamond</oreDict>
			<itemStack>advancedrocketry:pressuretank 1 3</itemStack>
		</input>
		<output>
			<itemStack>ic2:quantum_chestplate</itemStack>
		</output>
	</Recipe>
	<Recipe timeRequired="100" power ="10">
		<input>
			<itemStack>ic2:quantum_helmet</itemStack>
			<oreDict>gemDiamond</oreDict>
		</input>
		<output>
			<itemStack>ic2:quantum_helmet</itemStack>
		</output>
	</Recipe>
	<Recipe timeRequired="100" power ="10">
		<input>
			<itemStack>ic2:quantum_leggings</itemStack>
			<oreDict>gemDiamond</oreDict>
		</input>
		<output>
			<itemStack>ic2:quantum_leggings</itemStack>
		</output>
	</Recipe>
	<Recipe timeRequired="100" power ="10">
		<input>
			<itemStack>ic2:rubber_boots</itemStack>
			<oreDict>gemDiamond</oreDict>
		</input>
		<output>
			<itemStack>ic2:rubber_boots</itemStack>
		</output>
	</Recipe>
	<Recipe timeRequired="100" power ="10">
		<input>
			<itemStack>ic2:solar_helmet</itemStack>
			<oreDict>gemDiamond</oreDict>
		</input>
		<output>
			<itemStack>ic2:solar_helmet</itemStack>
		</output>
	</Recipe>
	<Recipe timeRequired="100" power ="10">
		<input>
			<itemStack>ic2:static_boots</itemStack>
			<oreDict>gemDiamond</oreDict>
		</input>
		<output>
			<itemStack>ic2:static_boots</itemStack>
		</output>
	</Recipe>
	<Recipe timeRequired="100" power ="10">
		<input>
			<itemStack>opencomputers:hoverboots</itemStack>
			<oreDict>gemDiamond</oreDict>
		</input>
		<output>
			<itemStack>opencomputers:hoverboots</itemStack>
		</output>
	</Recipe>
	<Recipe timeRequired="100" power ="10">
		<input>
			<itemStack>thermalfoundation:armor.helmet_copper</itemStack>
			<oreDict>gemDiamond</oreDict>
		</input>
		<output>
			<itemStack>thermalfoundation:armor.helmet_copper</itemStack>
		</output>
	</Recipe>
	<Recipe timeRequired="100" power ="10">
		<input>
			<itemStack>thermalfoundation:armor.plate_copper</itemStack>
			<oreDict>gemDiamond</oreDict>
			<itemStack>advancedrocketry:pressuretank 1 3</itemStack>
		</input>
		<output>
			<itemStack>thermalfoundation:armor.plate_copper</itemStack>
		</output>
	</Recipe>
	<Recipe timeRequired="100" power ="10">
		<input>
			<itemStack>thermalfoundation:armor.legs_copper</itemStack>
			<oreDict>gemDiamond</oreDict>
		</input>
		<output>
			<itemStack>thermalfoundation:armor.legs_copper</itemStack>
		</output>
	</Recipe>
	<Recipe timeRequired="100" power ="10">
		<input>
			<itemStack>thermalfoundation:armor.boots_copper</itemStack>
			<oreDict>gemDiamond</oreDict>
		</input>
		<output>
			<itemStack>thermalfoundation:armor.boots_copper</itemStack>
		</output>
	</Recipe>
	<Recipe timeRequired="100" power ="10">
		<input>
			<itemStack>thermalfoundation:armor.helmet_tin</itemStack>
			<oreDict>gemDiamond</oreDict>
		</input>
		<output>
			<itemStack>thermalfoundation:armor.helmet_tin</itemStack>
		</output>
	</Recipe>
	<Recipe timeRequired="100" power ="10">
		<input>
			<itemStack>thermalfoundation:armor.plate_tin</itemStack>
			<oreDict>gemDiamond</oreDict>
			<itemStack>advancedrocketry:pressuretank 1 3</itemStack>
		</input>
		<output>
			<itemStack>thermalfoundation:armor.plate_tin</itemStack>
		</output>
	</Recipe>
	<Recipe timeRequired="100" power ="10">
		<input>
			<itemStack>thermalfoundation:armor.legs_tin</itemStack>
			<oreDict>gemDiamond</oreDict>
		</input>
		<output>
			<itemStack>thermalfoundation:armor.legs_tin</itemStack>
		</output>
	</Recipe>
	<Recipe timeRequired="100" power ="10">
		<input>
			<itemStack>thermalfoundation:armor.boots_tin</itemStack>
			<oreDict>gemDiamond</oreDict>
		</input>
		<output>
			<itemStack>thermalfoundation:armor.boots_tin</itemStack>
		</output>
	</Recipe>
	<Recipe timeRequired="100" power ="10">
		<input>
			<itemStack>thermalfoundation:armor.helmet_silver</itemStack>
			<oreDict>gemDiamond</oreDict>
		</input>
		<output>
			<itemStack>thermalfoundation:armor.helmet_silver</itemStack>
		</output>
	</Recipe>
	<Recipe timeRequired="100" power ="10">
		<input>
			<itemStack>thermalfoundation:armor.plate_silver</itemStack>
			<oreDict>gemDiamond</oreDict>
			<itemStack>advancedrocketry:pressuretank 1 3</itemStack>
		</input>
		<output>
			<itemStack>thermalfoundation:armor.plate_silver</itemStack>
		</output>
	</Recipe>
	<Recipe timeRequired="100" power ="10">
		<input>
			<itemStack>thermalfoundation:armor.legs_silver</itemStack>
			<oreDict>gemDiamond</oreDict>
		</input>
		<output>
			<itemStack>thermalfoundation:armor.legs_silver</itemStack>
		</output>
	</Recipe>
	<Recipe timeRequired="100" power ="10">
		<input>
			<itemStack>thermalfoundation:armor.boots_silver</itemStack>
			<oreDict>gemDiamond</oreDict>
		</input>
		<output>
			<itemStack>thermalfoundation:armor.boots_silver</itemStack>
		</output>
	</Recipe>
	<Recipe timeRequired="100" power ="10">
		<input>
			<itemStack>thermalfoundation:armor.helmet_lead</itemStack>
			<oreDict>gemDiamond</oreDict>
		</input>
		<output>
			<itemStack>thermalfoundation:armor.helmet_lead</itemStack>
		</output>
	</Recipe>
	<Recipe timeRequired="100" power ="10">
		<input>
			<itemStack>thermalfoundation:armor.plate_lead</itemStack>
			<oreDict>gemDiamond</oreDict>
			<itemStack>advancedrocketry:pressuretank 1 3</itemStack>
		</input>
		<output>
			<itemStack>thermalfoundation:armor.plate_lead</itemStack>
		</output>
	</Recipe>
	<Recipe timeRequired="100" power ="10">
		<input>
			<itemStack>thermalfoundation:armor.legs_lead</itemStack>
			<oreDict>gemDiamond</oreDict>
		</input>
		<output>
			<itemStack>thermalfoundation:armor.legs_lead</itemStack>
		</output>
	</Recipe>
	<Recipe timeRequired="100" power ="10">
		<input>
			<itemStack>thermalfoundation:armor.boots_lead</itemStack>
			<oreDict>gemDiamond</oreDict>
		</input>
		<output>
			<itemStack>thermalfoundation:armor.boots_lead</itemStack>
		</output>
	</Recipe>
	<Recipe timeRequired="100" power ="10">
		<input>
			<itemStack>thermalfoundation:armor.helmet_aluminum</itemStack>
			<oreDict>gemDiamond</oreDict>
		</input>
		<output>
			<itemStack>thermalfoundation:armor.helmet_aluminum</itemStack>
		</output>
	</Recipe>
	<Recipe timeRequired="100" power ="10">
		<input>
			<itemStack>thermalfoundation:armor.plate_aluminum</itemStack>
			<oreDict>gemDiamond</oreDict>
			<itemStack>advancedrocketry:pressuretank 1 3</itemStack>
		</input>
		<output>
			<itemStack>thermalfoundation:armor.plate_aluminum</itemStack>
		</output>
	</Recipe>
	<Recipe timeRequired="100" power ="10">
		<input>
			<itemStack>thermalfoundation:armor.legs_aluminum</itemStack>
			<oreDict>gemDiamond</oreDict>
		</input>
		<output>
			<itemStack>thermalfoundation:armor.legs_aluminum</itemStack>
		</output>
	</Recipe>
	<Recipe timeRequired="100" power ="10">
		<input>
			<itemStack>thermalfoundation:armor.boots_aluminum</itemStack>
			<oreDict>gemDiamond</oreDict>
		</input>
		<output>
			<itemStack>thermalfoundation:armor.boots_aluminum</itemStack>
		</output>
	</Recipe>
	<Recipe timeRequired="100" power ="10">
		<input>
			<itemStack>thermalfoundation:armor.helmet_nickel</itemStack>
			<oreDict>gemDiamond</oreDict>
		</input>
		<output>
			<itemStack>thermalfoundation:armor.helmet_nickel</itemStack>
		</output>
	</Recipe>
	<Recipe timeRequired="100" power ="10">
		<input>
			<itemStack>thermalfoundation:armor.plate_nickel</itemStack>
			<oreDict>gemDiamond</oreDict>
			<itemStack>advancedrocketry:pressuretank 1 3</itemStack>
		</input>
		<output>
			<itemStack>thermalfoundation:armor.plate_nickel</itemStack>
		</output>
	</Recipe>
	<Recipe timeRequired="100" power ="10">
		<input>
			<itemStack>thermalfoundation:armor.legs_nickel</itemStack>
			<oreDict>gemDiamond</oreDict>
		</input>
		<output>
			<itemStack>thermalfoundation:armor.legs_nickel</itemStack>
		</output>
	</Recipe>
	<Recipe timeRequired="100" power ="10">
		<input>
			<itemStack>thermalfoundation:armor.boots_nickel</itemStack>
			<oreDict>gemDiamond</oreDict>
		</input>
		<output>
			<itemStack>thermalfoundation:armor.boots_nickel</itemStack>
		</output>
	</Recipe>
	<Recipe timeRequired="100" power ="10">
		<input>
			<itemStack>thermalfoundation:armor.helmet_platinum</itemStack>
			<oreDict>gemDiamond</oreDict>
		</input>
		<output>
			<itemStack>thermalfoundation:armor.helmet_platinum</itemStack>
		</output>
	</Recipe>
	<Recipe timeRequired="100" power ="10">
		<input>
			<itemStack>thermalfoundation:armor.plate_platinum</itemStack>
			<oreDict>gemDiamond</oreDict>
			<itemStack>advancedrocketry:pressuretank 1 3</itemStack>
		</input>
		<output>
			<itemStack>thermalfoundation:armor.plate_platinum</itemStack>
		</output>
	</Recipe>
	<Recipe timeRequired="100" power ="10">
		<input>
			<itemStack>thermalfoundation:armor.legs_platinum</itemStack>
			<oreDict>gemDiamond</oreDict>
		</input>
		<output>
			<itemStack>thermalfoundation:armor.legs_platinum</itemStack>
		</output>
	</Recipe>
	<Recipe timeRequired="100" power ="10">
		<input>
			<itemStack>thermalfoundation:armor.boots_platinum</itemStack>
			<oreDict>gemDiamond</oreDict>
		</input>
		<output>
			<itemStack>thermalfoundation:armor.boots_platinum</itemStack>
		</output>
	</Recipe>
	<Recipe timeRequired="100" power ="10">
		<input>
			<itemStack>thermalfoundation:armor.helmet_steel</itemStack>
			<oreDict>gemDiamond</oreDict>
		</input>
		<output>
			<itemStack>thermalfoundation:armor.helmet_steel</itemStack>
		</output>
	</Recipe>
	<Recipe timeRequired="100" power ="10">
		<input>
			<itemStack>thermalfoundation:armor.plate_steel</itemStack>
			<oreDict>gemDiamond</oreDict>
			<itemStack>advancedrocketry:pressuretank 1 3</itemStack>
		</input>
		<output>
			<itemStack>thermalfoundation:armor.plate_steel</itemStack>
		</output>
	</Recipe>
	<Recipe timeRequired="100" power ="10">
		<input>
			<itemStack>thermalfoundation:armor.legs_steel</itemStack>
			<oreDict>gemDiamond</oreDict>
		</input>
		<output>
			<itemStack>thermalfoundation:armor.legs_steel</itemStack>
		</output>
	</Recipe>
	<Recipe timeRequired="100" power ="10">
		<input>
			<itemStack>thermalfoundation:armor.boots_steel</itemStack>
			<oreDict>gemDiamond</oreDict>
		</input>
		<output>
			<itemStack>thermalfoundation:armor.boots_steel</itemStack>
		</output>
	</Recipe>
	<Recipe timeRequired="100" power ="10">
		<input>
			<itemStack>thermalfoundation:armor.helmet_electrum</itemStack>
			<oreDict>gemDiamond</oreDict>
		</input>
		<output>
			<itemStack>thermalfoundation:armor.helmet_electrum</itemStack>
		</output>
	</Recipe>
	<Recipe timeRequired="100" power ="10">
		<input>
			<itemStack>thermalfoundation:armor.plate_electrum</itemStack>
			<oreDict>gemDiamond</oreDict>
			<itemStack>advancedrocketry:pressuretank 1 3</itemStack>
		</input>
		<output>
			<itemStack>thermalfoundation:armor.plate_electrum</itemStack>
		</output>
	</Recipe>
	<Recipe timeRequired="100" power ="10">
		<input>
			<itemStack>thermalfoundation:armor.legs_electrum</itemStack>
			<oreDict>gemDiamond</oreDict>
		</input>
		<output>
			<itemStack>thermalfoundation:armor.legs_electrum</itemStack>
		</output>
	</Recipe>
	<Recipe timeRequired="100" power ="10">
		<input>
			<itemStack>thermalfoundation:armor.boots_electrum</itemStack>
			<oreDict>gemDiamond</oreDict>
		</input>
		<output>
			<itemStack>thermalfoundation:armor.boots_electrum</itemStack>
		</output>
	</Recipe>
	<Recipe timeRequired="100" power ="10">
		<input>
			<itemStack>thermalfoundation:armor.helmet_invar</itemStack>
			<oreDict>gemDiamond</oreDict>
		</input>
		<output>
			<itemStack>thermalfoundation:armor.helmet_invar</itemStack>
		</output>
	</Recipe>
	<Recipe timeRequired="100" power ="10">
		<input>
			<itemStack>thermalfoundation:armor.plate_invar</itemStack>
			<oreDict>gemDiamond</oreDict>
			<itemStack>advancedrocketry:pressuretank 1 3</itemStack>
		</input>
		<output>
			<itemStack>thermalfoundation:armor.plate_invar</itemStack>
		</output>
	</Recipe>
	<Recipe timeRequired="100" power ="10">
		<input>
			<itemStack>thermalfoundation:armor.legs_invar</itemStack>
			<oreDict>gemDiamond</oreDict>
		</input>
		<output>
			<itemStack>thermalfoundation:armor.legs_invar</itemStack>
		</output>
	</Recipe>
	<Recipe timeRequired="100" power ="10">
		<input>
			<itemStack>thermalfoundation:armor.boots_invar</itemStack>
			<oreDict>gemDiamond</oreDict>
		</input>
		<output>
			<itemStack>thermalfoundation:armor.boots_invar</itemStack>
		</output>
	</Recipe>
	<Recipe timeRequired="100" power ="10">
		<input>
			<itemStack>thermalfoundation:armor.helmet_bronze</itemStack>
			<oreDict>gemDiamond</oreDict>
		</input>
		<output>
			<itemStack>thermalfoundation:armor.helmet_bronze</itemStack>
		</output>
	</Recipe>
	<Recipe timeRequired="100" power ="10">
		<input>
			<itemStack>thermalfoundation:armor.plate_bronze</itemStack>
			<oreDict>gemDiamond</oreDict>
			<itemStack>advancedrocketry:pressuretank 1 3</itemStack>
		</input>
		<output>
			<itemStack>thermalfoundation:armor.plate_bronze</itemStack>
		</output>
	</Recipe>
	<Recipe timeRequired="100" power ="10">
		<input>
			<itemStack>thermalfoundation:armor.legs_bronze</itemStack>
			<oreDict>gemDiamond</oreDict>
		</input>
		<output>
			<itemStack>thermalfoundation:armor.legs_bronze</itemStack>
		</output>
	</Recipe>
	<Recipe timeRequired="100" power ="10">
		<input>
			<itemStack>thermalfoundation:armor.boots_bronze</itemStack>
			<oreDict>gemDiamond</oreDict>
		</input>
		<output>
			<itemStack>thermalfoundation:armor.boots_bronze</itemStack>
		</output>
	</Recipe>
	<Recipe timeRequired="100" power ="10">
		<input>
			<itemStack>thermalfoundation:armor.helmet_constantan</itemStack>
			<oreDict>gemDiamond</oreDict>
		</input>
		<output>
			<itemStack>thermalfoundation:armor.helmet_constantan</itemStack>
		</output>
	</Recipe>
	<Recipe timeRequired="100" power ="10">
		<input>
			<itemStack>thermalfoundation:armor.plate_constantan</itemStack>
			<oreDict>gemDiamond</oreDict>
			<itemStack>advancedrocketry:pressuretank 1 3</itemStack>
		</input>
		<output>
			<itemStack>thermalfoundation:armor.plate_constantan</itemStack>
		</output>
	</Recipe>
	<Recipe timeRequired="100" power ="10">
		<input>
			<itemStack>thermalfoundation:armor.legs_constantan</itemStack>
			<oreDict>gemDiamond</oreDict>
		</input>
		<output>
			<itemStack>thermalfoundation:armor.legs_constantan</itemStack>
		</output>
	</Recipe>
	<Recipe timeRequired="100" power ="10">
		<input>
			<itemStack>thermalfoundation:armor.boots_constantan</itemStack>
			<oreDict>gemDiamond</oreDict>
		</input>
		<output>
			<itemStack>thermalfoundation:armor.boots_constantan</itemStack>
		</output>
	</Recipe>
	<Recipe timeRequired="100" power ="10">
		<input>
			<itemStack>draconicevolution:wyvern_helm</itemStack>
			<oreDict>gemDiamond</oreDict>
		</input>
		<output>
			<itemStack>draconicevolution:wyvern_helm</itemStack>
		</output>
	</Recipe>
	<Recipe timeRequired="100" power ="10">
		<input>
			<itemStack>draconicevolution:wyvern_chest</itemStack>
			<oreDict>gemDiamond</oreDict>
			<itemStack>advancedrocketry:pressuretank 1 3</itemStack>
		</input>
		<output>
			<itemStack>draconicevolution:wyvern_chest</itemStack>
		</output>
	</Recipe>
	<Recipe timeRequired="100" power ="10">
		<input>
			<itemStack>draconicevolution:wyvern_legs</itemStack>
			<oreDict>gemDiamond</oreDict>
		</input>
		<output>
			<itemStack>draconicevolution:wyvern_legs</itemStack>
		</output>
	</Recipe>
	<Recipe timeRequired="100" power ="10">
		<input>
			<itemStack>draconicevolution:wyvern_boots</itemStack>
			<oreDict>gemDiamond</oreDict>
		</input>
		<output>
			<itemStack>draconicevolution:wyvern_boots</itemStack>
		</output>
	</Recipe>
	<Recipe timeRequired="100" power ="10">
		<input>
			<itemStack>draconicevolution:draconic_helm</itemStack>
			<oreDict>gemDiamond</oreDict>
		</input>
		<output>
			<itemStack>draconicevolution:draconic_helm</itemStack>
		</output>
	</Recipe>
	<Recipe timeRequired="100" power ="10">
		<input>
			<itemStack>draconicevolution:draconic_chest</itemStack>
			<oreDict>gemDiamond</oreDict>
			<itemStack>advancedrocketry:pressuretank 1 3</itemStack>
		</input>
		<output>
			<itemStack>draconicevolution:draconic_chest</itemStack>
		</output>
	</Recipe>
	<Recipe timeRequired="100" power ="10">
		<input>
			<itemStack>draconicevolution:draconic_legs</itemStack>
			<oreDict>gemDiamond</oreDict>
		</input>
		<output>
			<itemStack>draconicevolution:draconic_legs</itemStack>
		</output>
	</Recipe>
	<Recipe timeRequired="100" power ="10">
		<input>
			<itemStack>draconicevolution:draconic_boots</itemStack>
			<oreDict>gemDiamond</oreDict>
		</input>
		<output>
			<itemStack>draconicevolution:draconic_boots</itemStack>
		</output>
	</Recipe>
	<Recipe timeRequired="100" power ="10">
		<input>
			<itemStack>forestry:naturalist_helmet</itemStack>
			<oreDict>gemDiamond</oreDict>
		</input>
		<output>
			<itemStack>forestry:naturalist_helmet</itemStack>
		</output>
	</Recipe>
	<Recipe timeRequired="100" power ="10">
		<input>
			<itemStack>forestry:apiarist_helmet</itemStack>
			<oreDict>gemDiamond</oreDict>
		</input>
		<output>
			<itemStack>forestry:apiarist_helmet</itemStack>
		</output>
	</Recipe>
	<Recipe timeRequired="100" power ="10">
		<input>
			<itemStack>forestry:apiarist_chest</itemStack>
			<oreDict>gemDiamond</oreDict>
			<itemStack>advancedrocketry:pressuretank 1 3</itemStack>
		</input>
		<output>
			<itemStack>forestry:apiarist_chest</itemStack>
		</output>
	</Recipe>
	<Recipe timeRequired="100" power ="10">
		<input>
			<itemStack>forestry:apiarist_legs</itemStack>
			<oreDict>gemDiamond</oreDict>
		</input>
		<output>
			<itemStack>forestry:apiarist_legs</itemStack>
		</output>
	</Recipe>
	<Recipe timeRequired="100" power ="10">
		<input>
			<itemStack>forestry:apiarist_boots</itemStack>
			<oreDict>gemDiamond</oreDict>
		</input>
		<output>
			<itemStack>forestry:apiarist_boots</itemStack>
		</output>
	</Recipe>
	<Recipe timeRequired="100" power ="10">
		<input>
			<itemStack>nuclearcraft:helm_boron</itemStack>
			<oreDict>gemDiamond</oreDict>
		</input>
		<output>
			<itemStack>nuclearcraft:helm_boron</itemStack>
		</output>
	</Recipe>
	<Recipe timeRequired="100" power ="10">
		<input>
			<itemStack>nuclearcraft:chest_boron</itemStack>
			<oreDict>gemDiamond</oreDict>
			<itemStack>advancedrocketry:pressuretank 1 3</itemStack>
		</input>
		<output>
			<itemStack>nuclearcraft:chest_boron</itemStack>
		</output>
	</Recipe>
	<Recipe timeRequired="100" power ="10">
		<input>
			<itemStack>nuclearcraft:legs_boron</itemStack>
			<oreDict>gemDiamond</oreDict>
		</input>
		<output>
			<itemStack>nuclearcraft:legs_boron</itemStack>
		</output>
	</Recipe>
	<Recipe timeRequired="100" power ="10">
		<input>
			<itemStack>nuclearcraft:boots_boron</itemStack>
			<oreDict>gemDiamond</oreDict>
		</input>
		<output>
			<itemStack>nuclearcraft:boots_boron</itemStack>
		</output>
	</Recipe>
	<Recipe timeRequired="100" power ="10">
		<input>
			<itemStack>nuclearcraft:helm_tough</itemStack>
			<oreDict>gemDiamond</oreDict>
		</input>
		<output>
			<itemStack>nuclearcraft:helm_tough</itemStack>
		</output>
	</Recipe>
	<Recipe timeRequired="100" power ="10">
		<input>
			<itemStack>nuclearcraft:chest_tough</itemStack>
			<oreDict>gemDiamond</oreDict>
			<itemStack>advancedrocketry:pressuretank 1 3</itemStack>
		</input>
		<output>
			<itemStack>nuclearcraft:chest_tough</itemStack>
		</output>
	</Recipe>
	<Recipe timeRequired="100" power ="10">
		<input>
			<itemStack>nuclearcraft:legs_tough</itemStack>
			<oreDict>gemDiamond</oreDict>
		</input>
		<output>
			<itemStack>nuclearcraft:legs_tough</itemStack>
		</output>
	</Recipe>
	<Recipe timeRequired="100" power ="10">
		<input>
			<itemStack>nuclearcraft:boots_tough</itemStack>
			<oreDict>gemDiamond</oreDict>
		</input>
		<output>
			<itemStack>nuclearcraft:boots_tough</itemStack>
		</output>
	</Recipe>
	<Recipe timeRequired="100" power ="10">
		<input>
			<itemStack>nuclearcraft:helm_hard_carbon</itemStack>
			<oreDict>gemDiamond</oreDict>
		</input>
		<output>
			<itemStack>nuclearcraft:helm_hard_carbon</itemStack>
		</output>
	</Recipe>
	<Recipe timeRequired="100" power ="10">
		<input>
			<itemStack>nuclearcraft:chest_hard_carbon</itemStack>
			<oreDict>gemDiamond</oreDict>
			<itemStack>advancedrocketry:pressuretank 1 3</itemStack>
		</input>
		<output>
			<itemStack>nuclearcraft:chest_hard_carbon</itemStack>
		</output>
	</Recipe>
	<Recipe timeRequired="100" power ="10">
		<input>
			<itemStack>nuclearcraft:legs_hard_carbon</itemStack>
			<oreDict>gemDiamond</oreDict>
		</input>
		<output>
			<itemStack>nuclearcraft:legs_hard_carbon</itemStack>
		</output>
	</Recipe>
	<Recipe timeRequired="100" power ="10">
		<input>
			<itemStack>nuclearcraft:boots_hard_carbon</itemStack>
			<oreDict>gemDiamond</oreDict>
		</input>
		<output>
			<itemStack>nuclearcraft:boots_hard_carbon</itemStack>
		</output>
	</Recipe>
	<Recipe timeRequired="100" power ="10">
		<input>
			<itemStack>nuclearcraft:helm_boron_nitride</itemStack>
			<oreDict>gemDiamond</oreDict>
		</input>
		<output>
			<itemStack>nuclearcraft:helm_boron_nitride</itemStack>
		</output>
	</Recipe>
	<Recipe timeRequired="100" power ="10">
		<input>
			<itemStack>nuclearcraft:chest_boron_nitride</itemStack>
			<oreDict>gemDiamond</oreDict>
			<itemStack>advancedrocketry:pressuretank 1 3</itemStack>
		</input>
		<output>
			<itemStack>nuclearcraft:chest_boron_nitride</itemStack>
		</output>
	</Recipe>
	<Recipe timeRequired="100" power ="10">
		<input>
			<itemStack>nuclearcraft:legs_boron_nitride</itemStack>
			<oreDict>gemDiamond</oreDict>
		</input>
		<output>
			<itemStack>nuclearcraft:legs_boron_nitride</itemStack>
		</output>
	</Recipe>
	<Recipe timeRequired="100" power ="10">
		<input>
			<itemStack>nuclearcraft:boots_boron_nitride</itemStack>
			<oreDict>gemDiamond</oreDict>
		</input>
		<output>
			<itemStack>nuclearcraft:boots_boron_nitride</itemStack>
		</output>
	</Recipe>
	<Recipe timeRequired="100" power ="10">
		<input>
			<itemStack>openblocks:sonic_glasses</itemStack>
			<oreDict>gemDiamond</oreDict>
		</input>
		<output>
			<itemStack>openblocks:sonic_glasses</itemStack>
		</output>
	</Recipe>
	<Recipe timeRequired="100" power ="10">
		<input>
			<itemStack>openblocks:pencil_glasses</itemStack>
			<oreDict>gemDiamond</oreDict>
		</input>
		<output>
			<itemStack>openblocks:pencil_glasses</itemStack>
		</output>
	</Recipe>
	<Recipe timeRequired="100" power ="10">
		<input>
			<itemStack>openblocks:crayon_glasses</itemStack>
			<oreDict>gemDiamond</oreDict>
		</input>
		<output>
			<itemStack>openblocks:crayon_glasses</itemStack>
		</output>
	</Recipe>
	<Recipe timeRequired="100" power ="10">
		<input>
			<itemStack>openblocks:technicolor_glasses</itemStack>
			<oreDict>gemDiamond</oreDict>
		</input>
		<output>
			<itemStack>openblocks:technicolor_glasses</itemStack>
		</output>
	</Recipe>
	<Recipe timeRequired="100" power ="10">
		<input>
			<itemStack>openblocks:serious_glasses</itemStack>
			<oreDict>gemDiamond</oreDict>
		</input>
		<output>
			<itemStack>openblocks:serious_glasses</itemStack>
		</output>
	</Recipe>
	<Recipe timeRequired="100" power ="10">
		<input>
			<itemStack>openblocks:crane_backpack</itemStack>
			<oreDict>gemDiamond</oreDict>
			<itemStack>advancedrocketry:pressuretank 1 3</itemStack>
		</input>
		<output>
			<itemStack>openblocks:crane_backpack</itemStack>
		</output>
	</Recipe>
	<Recipe timeRequired="100" power ="10">
		<input>
			<itemStack>openblocks:sleeping_bag</itemStack>
			<oreDict>gemDiamond</oreDict>
			<itemStack>advancedrocketry:pressuretank 1 3</itemStack>
		</input>
		<output>
			<itemStack>openblocks:sleeping_bag</itemStack>
		</output>
	</Recipe>
	<Recipe timeRequired="100" power ="10">
		<input>
			<itemStack>redstonearsenal:armor.helmet_flux</itemStack>
			<oreDict>gemDiamond</oreDict>
		</input>
		<output>
			<itemStack>redstonearsenal:armor.helmet_flux</itemStack>
		</output>
	</Recipe>
	<Recipe timeRequired="100" power ="10">
		<input>
			<itemStack>redstonearsenal:armor.plate_flux</itemStack>
			<oreDict>gemDiamond</oreDict>
			<itemStack>advancedrocketry:pressuretank 1 3</itemStack>
		</input>
		<output>
			<itemStack>redstonearsenal:armor.plate_flux</itemStack>
		</output>
	</Recipe>
	<Recipe timeRequired="100" power ="10">
		<input>
			<itemStack>redstonearsenal:armor.legs_flux</itemStack>
			<oreDict>gemDiamond</oreDict>
		</input>
		<output>
			<itemStack>redstonearsenal:armor.legs_flux</itemStack>
		</output>
	</Recipe>
	<Recipe timeRequired="100" power ="10">
		<input>
			<itemStack>redstonearsenal:armor.boots_flux</itemStack>
			<oreDict>gemDiamond</oreDict>
		</input>
		<output>
			<itemStack>redstonearsenal:armor.boots_flux</itemStack>
		</output>
	</Recipe>
	<Recipe timeRequired="100" power ="10">
		<input>
			<itemStack>tconstruct:slime_boots</itemStack>
			<oreDict>gemDiamond</oreDict>
		</input>
		<output>
			<itemStack>tconstruct:slime_boots</itemStack>
		</output>
	</Recipe>
	<Recipe timeRequired="100" power ="10">
		<input>
			<itemStack>tconstruct:piggybackpack</itemStack>
			<oreDict>gemDiamond</oreDict>
			<itemStack>advancedrocketry:pressuretank 1 3</itemStack>
		</input>
		<output>
			<itemStack>tconstruct:piggybackpack</itemStack>
		</output>
	</Recipe>
	<Recipe timeRequired="100" power ="10">
		<input>
			<itemStack>botania:manasteelhelm</itemStack>
			<oreDict>gemDiamond</oreDict>
		</input>
		<output>
			<itemStack>botania:manasteelhelm</itemStack>
		</output>
	</Recipe>
	<Recipe timeRequired="100" power ="10">
		<input>
			<itemStack>botania:manasteelhelmreveal</itemStack>
			<oreDict>gemDiamond</oreDict>
		</input>
		<output>
			<itemStack>botania:manasteelhelmreveal</itemStack>
		</output>
	</Recipe>
	<Recipe timeRequired="100" power ="10">
		<input>
			<itemStack>botania:manasteelchest</itemStack>
			<oreDict>gemDiamond</oreDict>
			<itemStack>advancedrocketry:pressuretank 1 3</itemStack>
		</input>
		<output>
			<itemStack>botania:manasteelchest</itemStack>
		</output>
	</Recipe>
	<Recipe timeRequired="100" power ="10">
		<input>
			<itemStack>botania:manasteellegs</itemStack>
			<oreDict>gemDiamond</oreDict>
		</input>
		<output>
			<itemStack>botania:manasteellegs</itemStack>
		</output>
	</Recipe>
	<Recipe timeRequired="100" power ="10">
		<input>
			<itemStack>botania:manasteelboots</itemStack>
			<oreDict>gemDiamond</oreDict>
		</input>
		<output>
			<itemStack>botania:manasteelboots</itemStack>
		</output>
	</Recipe>
	<Recipe timeRequired="100" power ="10">
		<input>
			<itemStack>botania:terrasteelhelm</itemStack>
			<oreDict>gemDiamond</oreDict>
		</input>
		<output>
			<itemStack>botania:terrasteelhelm</itemStack>
		</output>
	</Recipe>
	<Recipe timeRequired="100" power ="10">
		<input>
			<itemStack>botania:terrasteelhelmreveal</itemStack>
			<oreDict>gemDiamond</oreDict>
		</input>
		<output>
			<itemStack>botania:terrasteelhelmreveal</itemStack>
		</output>
	</Recipe>
	<Recipe timeRequired="100" power ="10">
		<input>
			<itemStack>botania:terrasteelchest</itemStack>
			<oreDict>gemDiamond</oreDict>
			<itemStack>advancedrocketry:pressuretank 1 3</itemStack>
		</input>
		<output>
			<itemStack>botania:terrasteelchest</itemStack>
		</output>
	</Recipe>
	<Recipe timeRequired="100" power ="10">
		<input>
			<itemStack>botania:terrasteellegs</itemStack>
			<oreDict>gemDiamond</oreDict>
		</input>
		<output>
			<itemStack>botania:terrasteellegs</itemStack>
		</output>
	</Recipe>
	<Recipe timeRequired="100" power ="10">
		<input>
			<itemStack>botania:terrasteelboots</itemStack>
			<oreDict>gemDiamond</oreDict>
		</input>
		<output>
			<itemStack>botania:terrasteelboots</itemStack>
		</output>
	</Recipe>
	<Recipe timeRequired="100" power ="10">
		<input>
			<itemStack>botania:elementiumhelm</itemStack>
			<oreDict>gemDiamond</oreDict>
		</input>
		<output>
			<itemStack>botania:elementiumhelm</itemStack>
		</output>
	</Recipe>
	<Recipe timeRequired="100" power ="10">
		<input>
			<itemStack>botania:elementiumhelmreveal</itemStack>
			<oreDict>gemDiamond</oreDict>
		</input>
		<output>
			<itemStack>botania:elementiumhelmreveal</itemStack>
		</output>
	</Recipe>
	<Recipe timeRequired="100" power ="10">
		<input>
			<itemStack>botania:elementiumchest</itemStack>
			<oreDict>gemDiamond</oreDict>
			<itemStack>advancedrocketry:pressuretank 1 3</itemStack>
		</input>
		<output>
			<itemStack>botania:elementiumchest</itemStack>
		</output>
	</Recipe>
	<Recipe timeRequired="100" power ="10">
		<input>
			<itemStack>botania:elementiumlegs</itemStack>
			<oreDict>gemDiamond</oreDict>
		</input>
		<output>
			<itemStack>botania:elementiumlegs</itemStack>
		</output>
	</Recipe>
	<Recipe timeRequired="100" power ="10">
		<input>
			<itemStack>botania:elementiumboots</itemStack>
			<oreDict>gemDiamond</oreDict>
		</input>
		<output>
			<itemStack>botania:elementiumboots</itemStack>
		</output>
	</Recipe>
	<Recipe timeRequired="100" power ="10">
		<input>
			<itemStack>botania:manaweavehelm</itemStack>
			<oreDict>gemDiamond</oreDict>
		</input>
		<output>
			<itemStack>botania:manaweavehelm</itemStack>
		</output>
	</Recipe>
	<Recipe timeRequired="100" power ="10">
		<input>
			<itemStack>botania:manaweavechest</itemStack>
			<oreDict>gemDiamond</oreDict>
			<itemStack>advancedrocketry:pressuretank 1 3</itemStack>
		</input>
		<output>
			<itemStack>botania:manaweavechest</itemStack>
		</output>
	</Recipe>
	<Recipe timeRequired="100" power ="10">
		<input>
			<itemStack>botania:manaweavelegs</itemStack>
			<oreDict>gemDiamond</oreDict>
		</input>
		<output>
			<itemStack>botania:manaweavelegs</itemStack>
		</output>
	</Recipe>
	<Recipe timeRequired="100" power ="10">
		<input>
			<itemStack>botania:manaweaveboots</itemStack>
			<oreDict>gemDiamond</oreDict>
		</input>
		<output>
			<itemStack>botania:manaweaveboots</itemStack>
		</output>
	</Recipe>
	<Recipe timeRequired="100" power ="10">
		<input>
			<itemStack>mekanism:jetpack</itemStack>
			<oreDict>gemDiamond</oreDict>
			<itemStack>advancedrocketry:pressuretank 1 3</itemStack>
		</input>
		<output>
			<itemStack>mekanism:jetpack</itemStack>
		</output>
	</Recipe>
	<Recipe timeRequired="100" power ="10">
		<input>
			<itemStack>mekanism:gasmask</itemStack>
			<oreDict>gemDiamond</oreDict>
		</input>
		<output>
			<itemStack>mekanism:gasmask</itemStack>
		</output>
	</Recipe>
	<Recipe timeRequired="100" power ="10">
		<input>
			<itemStack>mekanism:scubatank</itemStack>
			<oreDict>gemDiamond</oreDict>
			<itemStack>advancedrocketry:pressuretank 1 3</itemStack>
		</input>
		<output>
			<itemStack>mekanism:scubatank</itemStack>
		</output>
	</Recipe>
	<Recipe timeRequired="100" power ="10">
		<input>
			<itemStack>mekanism:freerunners</itemStack>
			<oreDict>gemDiamond</oreDict>
		</input>
		<output>
			<itemStack>mekanism:freerunners</itemStack>
		</output>
	</Recipe>
	<Recipe timeRequired="100" power ="10">
		<input>
			<itemStack>mekanism:armoredjetpack</itemStack>
			<oreDict>gemDiamond</oreDict>
			<itemStack>advancedrocketry:pressuretank 1 3</itemStack>
		</input>
		<output>
			<itemStack>mekanism:armoredjetpack</itemStack>
		</output>
	</Recipe>
	<Recipe timeRequired="100" power ="10">
		<input>
			<itemStack>bibliocraft:biblioglasses</itemStack>
			<oreDict>gemDiamond</oreDict>
		</input>
		<output>
			<itemStack>bibliocraft:biblioglasses</itemStack>
		</output>
	</Recipe>
	<Recipe timeRequired="100" power ="10">
		<input>
			<itemStack>immersiveengineering:earmuffs</itemStack>
			<oreDict>gemDiamond</oreDict>
		</input>
		<output>
			<itemStack>immersiveengineering:earmuffs</itemStack>
		</output>
	</Recipe>
	<Recipe timeRequired="100" power ="10">
		<input>
			<itemStack>immersiveengineering:faraday_suit_feet</itemStack>
			<oreDict>gemDiamond</oreDict>
		</input>
		<output>
			<itemStack>immersiveengineering:faraday_suit_feet</itemStack>
		</output>
	</Recipe>
	<Recipe timeRequired="100" power ="10">
		<input>
			<itemStack>immersiveengineering:faraday_suit_legs</itemStack>
			<oreDict>gemDiamond</oreDict>
		</input>
		<output>
			<itemStack>immersiveengineering:faraday_suit_legs</itemStack>
		</output>
	</Recipe>
	<Recipe timeRequired="100" power ="10">
		<input>
			<itemStack>immersiveengineering:faraday_suit_chest</itemStack>
			<oreDict>gemDiamond</oreDict>
			<itemStack>advancedrocketry:pressuretank 1 3</itemStack>
		</input>
		<output>
			<itemStack>immersiveengineering:faraday_suit_chest</itemStack>
		</output>
	</Recipe>
	<Recipe timeRequired="100" power ="10">
		<input>
			<itemStack>immersiveengineering:faraday_suit_head</itemStack>
			<oreDict>gemDiamond</oreDict>
		</input>
		<output>
			<itemStack>immersiveengineering:faraday_suit_head</itemStack>
		</output>
	</Recipe>
	<Recipe timeRequired="100" power ="10">
		<input>
			<itemStack>immersiveengineering:powerpack</itemStack>
			<oreDict>gemDiamond</oreDict>
			<itemStack>advancedrocketry:pressuretank 1 3</itemStack>
		</input>
		<output>
			<itemStack>immersiveengineering:powerpack</itemStack>
		</output>
	</Recipe>
	<Recipe timeRequired="100" power ="10">
		<input>
			<itemStack>mekanismtools:obsidianhelmet</itemStack>
			<oreDict>gemDiamond</oreDict>
		</input>
		<output>
			<itemStack>mekanismtools:obsidianhelmet</itemStack>
		</output>
	</Recipe>
	<Recipe timeRequired="100" power ="10">
		<input>
			<itemStack>mekanismtools:obsidianchestplate</itemStack>
			<oreDict>gemDiamond</oreDict>
			<itemStack>advancedrocketry:pressuretank 1 3</itemStack>
		</input>
		<output>
			<itemStack>mekanismtools:obsidianchestplate</itemStack>
		</output>
	</Recipe>
	<Recipe timeRequired="100" power ="10">
		<input>
			<itemStack>mekanismtools:obsidianleggings</itemStack>
			<oreDict>gemDiamond</oreDict>
		</input>
		<output>
			<itemStack>mekanismtools:obsidianleggings</itemStack>
		</output>
	</Recipe>
	<Recipe timeRequired="100" power ="10">
		<input>
			<itemStack>mekanismtools:obsidianboots</itemStack>
			<oreDict>gemDiamond</oreDict>
		</input>
		<output>
			<itemStack>mekanismtools:obsidianboots</itemStack>
		</output>
	</Recipe>
	<Recipe timeRequired="100" power ="10">
		<input>
			<itemStack>mekanismtools:lapislazulihelmet</itemStack>
			<oreDict>gemDiamond</oreDict>
		</input>
		<output>
			<itemStack>mekanismtools:lapislazulihelmet</itemStack>
		</output>
	</Recipe>
	<Recipe timeRequired="100" power ="10">
		<input>
			<itemStack>mekanismtools:lapislazulichestplate</itemStack>
			<oreDict>gemDiamond</oreDict>
			<itemStack>advancedrocketry:pressuretank 1 3</itemStack>
		</input>
		<output>
			<itemStack>mekanismtools:lapislazulichestplate</itemStack>
		</output>
	</Recipe>
	<Recipe timeRequired="100" power ="10">
		<input>
			<itemStack>mekanismtools:lapislazulileggings</itemStack>
			<oreDict>gemDiamond</oreDict>
		</input>
		<output>
			<itemStack>mekanismtools:lapislazulileggings</itemStack>
		</output>
	</Recipe>
	<Recipe timeRequired="100" power ="10">
		<input>
			<itemStack>mekanismtools:lapislazuliboots</itemStack>
			<oreDict>gemDiamond</oreDict>
		</input>
		<output>
			<itemStack>mekanismtools:lapislazuliboots</itemStack>
		</output>
	</Recipe>
	<Recipe timeRequired="100" power ="10">
		<input>
			<itemStack>mekanismtools:osmiumhelmet</itemStack>
			<oreDict>gemDiamond</oreDict>
		</input>
		<output>
			<itemStack>mekanismtools:osmiumhelmet</itemStack>
		</output>
	</Recipe>
	<Recipe timeRequired="100" power ="10">
		<input>
			<itemStack>mekanismtools:osmiumchestplate</itemStack>
			<oreDict>gemDiamond</oreDict>
			<itemStack>advancedrocketry:pressuretank 1 3</itemStack>
		</input>
		<output>
			<itemStack>mekanismtools:osmiumchestplate</itemStack>
		</output>
	</Recipe>
	<Recipe timeRequired="100" power ="10">
		<input>
			<itemStack>mekanismtools:osmiumleggings</itemStack>
			<oreDict>gemDiamond</oreDict>
		</input>
		<output>
			<itemStack>mekanismtools:osmiumleggings</itemStack>
		</output>
	</Recipe>
	<Recipe timeRequired="100" power ="10">
		<input>
			<itemStack>mekanismtools:osmiumboots</itemStack>
			<oreDict>gemDiamond</oreDict>
		</input>
		<output>
			<itemStack>mekanismtools:osmiumboots</itemStack>
		</output>
	</Recipe>
	<Recipe timeRequired="100" power ="10">
		<input>
			<itemStack>mekanismtools:bronzehelmet</itemStack>
			<oreDict>gemDiamond</oreDict>
		</input>
		<output>
			<itemStack>mekanismtools:bronzehelmet</itemStack>
		</output>
	</Recipe>
	<Recipe timeRequired="100" power ="10">
		<input>
			<itemStack>mekanismtools:bronzechestplate</itemStack>
			<oreDict>gemDiamond</oreDict>
			<itemStack>advancedrocketry:pressuretank 1 3</itemStack>
		</input>
		<output>
			<itemStack>mekanismtools:bronzechestplate</itemStack>
		</output>
	</Recipe>
	<Recipe timeRequired="100" power ="10">
		<input>
			<itemStack>mekanismtools:bronzeleggings</itemStack>
			<oreDict>gemDiamond</oreDict>
		</input>
		<output>
			<itemStack>mekanismtools:bronzeleggings</itemStack>
		</output>
	</Recipe>
	<Recipe timeRequired="100" power ="10">
		<input>
			<itemStack>mekanismtools:bronzeboots</itemStack>
			<oreDict>gemDiamond</oreDict>
		</input>
		<output>
			<itemStack>mekanismtools:bronzeboots</itemStack>
		</output>
	</Recipe>
	<Recipe timeRequired="100" power ="10">
		<input>
			<itemStack>mekanismtools:glowstonehelmet</itemStack>
			<oreDict>gemDiamond</oreDict>
		</input>
		<output>
			<itemStack>mekanismtools:glowstonehelmet</itemStack>
		</output>
	</Recipe>
	<Recipe timeRequired="100" power ="10">
		<input>
			<itemStack>mekanismtools:glowstonechestplate</itemStack>
			<oreDict>gemDiamond</oreDict>
			<itemStack>advancedrocketry:pressuretank 1 3</itemStack>
		</input>
		<output>
			<itemStack>mekanismtools:glowstonechestplate</itemStack>
		</output>
	</Recipe>
	<Recipe timeRequired="100" power ="10">
		<input>
			<itemStack>mekanismtools:glowstoneleggings</itemStack>
			<oreDict>gemDiamond</oreDict>
		</input>
		<output>
			<itemStack>mekanismtools:glowstoneleggings</itemStack>
		</output>
	</Recipe>
	<Recipe timeRequired="100" power ="10">
		<input>
			<itemStack>mekanismtools:glowstoneboots</itemStack>
			<oreDict>gemDiamond</oreDict>
		</input>
		<output>
			<itemStack>mekanismtools:glowstoneboots</itemStack>
		</output>
	</Recipe>
	<Recipe timeRequired="100" power ="10">
		<input>
			<itemStack>mekanismtools:steelhelmet</itemStack>
			<oreDict>gemDiamond</oreDict>
		</input>
		<output>
			<itemStack>mekanismtools:steelhelmet</itemStack>
		</output>
	</Recipe>
	<Recipe timeRequired="100" power ="10">
		<input>
			<itemStack>mekanismtools:steelchestplate</itemStack>
			<oreDict>gemDiamond</oreDict>
			<itemStack>advancedrocketry:pressuretank 1 3</itemStack>
		</input>
		<output>
			<itemStack>mekanismtools:steelchestplate</itemStack>
		</output>
	</Recipe>
	<Recipe timeRequired="100" power ="10">
		<input>
			<itemStack>mekanismtools:steelleggings</itemStack>
			<oreDict>gemDiamond</oreDict>
		</input>
		<output>
			<itemStack>mekanismtools:steelleggings</itemStack>
		</output>
	</Recipe>
	<Recipe timeRequired="100" power ="10">
		<input>
			<itemStack>mekanismtools:steelboots</itemStack>
			<oreDict>gemDiamond</oreDict>
		</input>
		<output>
			<itemStack>mekanismtools:steelboots</itemStack>
		</output>
	</Recipe>
	<Recipe timeRequired="100" power ="10">
		<input>
			<itemStack>pneumaticcraft:pneumatic_helmet</itemStack>
			<oreDict>gemDiamond</oreDict>
		</input>
		<output>
			<itemStack>pneumaticcraft:pneumatic_helmet</itemStack>
		</output>
	</Recipe>
	<Recipe timeRequired="100" power ="10">
		<input>
			<itemStack>twilightforest:naga_chestplate</itemStack>
			<oreDict>gemDiamond</oreDict>
			<itemStack>advancedrocketry:pressuretank 1 3</itemStack>
		</input>
		<output>
			<itemStack>twilightforest:naga_chestplate</itemStack>
		</output>
	</Recipe>
	<Recipe timeRequired="100" power ="10">
		<input>
			<itemStack>twilightforest:naga_leggings</itemStack>
			<oreDict>gemDiamond</oreDict>
		</input>
		<output>
			<itemStack>twilightforest:naga_leggings</itemStack>
		</output>
	</Recipe>
	<Recipe timeRequired="100" power ="10">
		<input>
			<itemStack>twilightforest:ironwood_helmet</itemStack>
			<oreDict>gemDiamond</oreDict>
		</input>
		<output>
			<itemStack>twilightforest:ironwood_helmet</itemStack>
		</output>
	</Recipe>
	<Recipe timeRequired="100" power ="10">
		<input>
			<itemStack>twilightforest:ironwood_chestplate</itemStack>
			<oreDict>gemDiamond</oreDict>
			<itemStack>advancedrocketry:pressuretank 1 3</itemStack>
		</input>
		<output>
			<itemStack>twilightforest:ironwood_chestplate</itemStack>
		</output>
	</Recipe>
	<Recipe timeRequired="100" power ="10">
		<input>
			<itemStack>twilightforest:ironwood_leggings</itemStack>
			<oreDict>gemDiamond</oreDict>
		</input>
		<output>
			<itemStack>twilightforest:ironwood_leggings</itemStack>
		</output>
	</Recipe>
	<Recipe timeRequired="100" power ="10">
		<input>
			<itemStack>twilightforest:ironwood_boots</itemStack>
			<oreDict>gemDiamond</oreDict>
		</input>
		<output>
			<itemStack>twilightforest:ironwood_boots</itemStack>
		</output>
	</Recipe>
	<Recipe timeRequired="100" power ="10">
		<input>
			<itemStack>twilightforest:fiery_helmet</itemStack>
			<oreDict>gemDiamond</oreDict>
		</input>
		<output>
			<itemStack>twilightforest:fiery_helmet</itemStack>
		</output>
	</Recipe>
	<Recipe timeRequired="100" power ="10">
		<input>
			<itemStack>twilightforest:fiery_chestplate</itemStack>
			<oreDict>gemDiamond</oreDict>
			<itemStack>advancedrocketry:pressuretank 1 3</itemStack>
		</input>
		<output>
			<itemStack>twilightforest:fiery_chestplate</itemStack>
		</output>
	</Recipe>
	<Recipe timeRequired="100" power ="10">
		<input>
			<itemStack>twilightforest:fiery_leggings</itemStack>
			<oreDict>gemDiamond</oreDict>
		</input>
		<output>
			<itemStack>twilightforest:fiery_leggings</itemStack>
		</output>
	</Recipe>
	<Recipe timeRequired="100" power ="10">
		<input>
			<itemStack>twilightforest:fiery_boots</itemStack>
			<oreDict>gemDiamond</oreDict>
		</input>
		<output>
			<itemStack>twilightforest:fiery_boots</itemStack>
		</output>
	</Recipe>
	<Recipe timeRequired="100" power ="10">
		<input>
			<itemStack>twilightforest:steeleaf_helmet</itemStack>
			<oreDict>gemDiamond</oreDict>
		</input>
		<output>
			<itemStack>twilightforest:steeleaf_helmet</itemStack>
		</output>
	</Recipe>
	<Recipe timeRequired="100" power ="10">
		<input>
			<itemStack>twilightforest:steeleaf_chestplate</itemStack>
			<oreDict>gemDiamond</oreDict>
			<itemStack>advancedrocketry:pressuretank 1 3</itemStack>
		</input>
		<output>
			<itemStack>twilightforest:steeleaf_chestplate</itemStack>
		</output>
	</Recipe>
	<Recipe timeRequired="100" power ="10">
		<input>
			<itemStack>twilightforest:steeleaf_leggings</itemStack>
			<oreDict>gemDiamond</oreDict>
		</input>
		<output>
			<itemStack>twilightforest:steeleaf_leggings</itemStack>
		</output>
	</Recipe>
	<Recipe timeRequired="100" power ="10">
		<input>
			<itemStack>twilightforest:steeleaf_boots</itemStack>
			<oreDict>gemDiamond</oreDict>
		</input>
		<output>
			<itemStack>twilightforest:steeleaf_boots</itemStack>
		</output>
	</Recipe>
	<Recipe timeRequired="100" power ="10">
		<input>
			<itemStack>twilightforest:knightmetal_helmet</itemStack>
			<oreDict>gemDiamond</oreDict>
		</input>
		<output>
			<itemStack>twilightforest:knightmetal_helmet</itemStack>
		</output>
	</Recipe>
	<Recipe timeRequired="100" power ="10">
		<input>
			<itemStack>twilightforest:knightmetal_chestplate</itemStack>
			<oreDict>gemDiamond</oreDict>
			<itemStack>advancedrocketry:pressuretank 1 3</itemStack>
		</input>
		<output>
			<itemStack>twilightforest:knightmetal_chestplate</itemStack>
		</output>
	</Recipe>
	<Recipe timeRequired="100" power ="10">
		<input>
			<itemStack>twilightforest:knightmetal_leggings</itemStack>
			<oreDict>gemDiamond</oreDict>
		</input>
		<output>
			<itemStack>twilightforest:knightmetal_leggings</itemStack>
		</output>
	</Recipe>
	<Recipe timeRequired="100" power ="10">
		<input>
			<itemStack>twilightforest:knightmetal_boots</itemStack>
			<oreDict>gemDiamond</oreDict>
		</input>
		<output>
			<itemStack>twilightforest:knightmetal_boots</itemStack>
		</output>
	</Recipe>
	<Recipe timeRequired="100" power ="10">
		<input>
			<itemStack>twilightforest:phantom_helmet</itemStack>
			<oreDict>gemDiamond</oreDict>
		</input>
		<output>
			<itemStack>twilightforest:phantom_helmet</itemStack>
		</output>
	</Recipe>
	<Recipe timeRequired="100" power ="10">
		<input>
			<itemStack>twilightforest:phantom_chestplate</itemStack>
			<oreDict>gemDiamond</oreDict>
			<itemStack>advancedrocketry:pressuretank 1 3</itemStack>
		</input>
		<output>
			<itemStack>twilightforest:phantom_chestplate</itemStack>
		</output>
	</Recipe>
	<Recipe timeRequired="100" power ="10">
		<input>
			<itemStack>twilightforest:yeti_helmet</itemStack>
			<oreDict>gemDiamond</oreDict>
		</input>
		<output>
			<itemStack>twilightforest:yeti_helmet</itemStack>
		</output>
	</Recipe>
	<Recipe timeRequired="100" power ="10">
		<input>
			<itemStack>twilightforest:yeti_chestplate</itemStack>
			<oreDict>gemDiamond</oreDict>
			<itemStack>advancedrocketry:pressuretank 1 3</itemStack>
		</input>
		<output>
			<itemStack>twilightforest:yeti_chestplate</itemStack>
		</output>
	</Recipe>
	<Recipe timeRequired="100" power ="10">
		<input>
			<itemStack>twilightforest:yeti_leggings</itemStack>
			<oreDict>gemDiamond</oreDict>
		</input>
		<output>
			<itemStack>twilightforest:yeti_leggings</itemStack>
		</output>
	</Recipe>
	<Recipe timeRequired="100" power ="10">
		<input>
			<itemStack>twilightforest:yeti_boots</itemStack>
			<oreDict>gemDiamond</oreDict>
		</input>
		<output>
			<itemStack>twilightforest:yeti_boots</itemStack>
		</output>
	</Recipe>
	<Recipe timeRequired="100" power ="10">
		<input>
			<itemStack>twilightforest:arctic_helmet</itemStack>
			<oreDict>gemDiamond</oreDict>
		</input>
		<output>
			<itemStack>twilightforest:arctic_helmet</itemStack>
		</output>
	</Recipe>
	<Recipe timeRequired="100" power ="10">
		<input>
			<itemStack>twilightforest:arctic_chestplate</itemStack>
			<oreDict>gemDiamond</oreDict>
			<itemStack>advancedrocketry:pressuretank 1 3</itemStack>
		</input>
		<output>
			<itemStack>twilightforest:arctic_chestplate</itemStack>
		</output>
	</Recipe>
	<Recipe timeRequired="100" power ="10">
		<input>
			<itemStack>twilightforest:arctic_leggings</itemStack>
			<oreDict>gemDiamond</oreDict>
		</input>
		<output>
			<itemStack>twilightforest:arctic_leggings</itemStack>
		</output>
	</Recipe>
	<Recipe timeRequired="100" power ="10">
		<input>
			<itemStack>twilightforest:arctic_boots</itemStack>
			<oreDict>gemDiamond</oreDict>
		</input>
		<output>
			<itemStack>twilightforest:arctic_boots</itemStack>
		</output>
	</Recipe>
	<Recipe timeRequired="100" power ="10">
		<input>
			<itemStack>actuallyadditions:item_engineer_goggles_advanced</itemStack>
			<oreDict>gemDiamond</oreDict>
		</input>
		<output>
			<itemStack>actuallyadditions:item_engineer_goggles_advanced</itemStack>
		</output>
	</Recipe>
	<Recipe timeRequired="100" power ="10">
		<input>
			<itemStack>actuallyadditions:item_engineer_goggles</itemStack>
			<oreDict>gemDiamond</oreDict>
		</input>
		<output>
			<itemStack>actuallyadditions:item_engineer_goggles</itemStack>
		</output>
	</Recipe>
	<Recipe timeRequired="100" power ="10">
		<input>
			<itemStack>actuallyadditions:item_helm_emerald</itemStack>
			<oreDict>gemDiamond</oreDict>
		</input>
		<output>
			<itemStack>actuallyadditions:item_helm_emerald</itemStack>
		</output>
	</Recipe>
	<Recipe timeRequired="100" power ="10">
		<input>
			<itemStack>actuallyadditions:item_chest_emerald</itemStack>
			<oreDict>gemDiamond</oreDict>
			<itemStack>advancedrocketry:pressuretank 1 3</itemStack>
		</input>
		<output>
			<itemStack>actuallyadditions:item_chest_emerald</itemStack>
		</output>
	</Recipe>
	<Recipe timeRequired="100" power ="10">
		<input>
			<itemStack>actuallyadditions:item_pants_emerald</itemStack>
			<oreDict>gemDiamond</oreDict>
		</input>
		<output>
			<itemStack>actuallyadditions:item_pants_emerald</itemStack>
		</output>
	</Recipe>
	<Recipe timeRequired="100" power ="10">
		<input>
			<itemStack>actuallyadditions:item_boots_emerald</itemStack>
			<oreDict>gemDiamond</oreDict>
		</input>
		<output>
			<itemStack>actuallyadditions:item_boots_emerald</itemStack>
		</output>
	</Recipe>
	<Recipe timeRequired="100" power ="10">
		<input>
			<itemStack>actuallyadditions:item_helm_obsidian</itemStack>
			<oreDict>gemDiamond</oreDict>
		</input>
		<output>
			<itemStack>actuallyadditions:item_helm_obsidian</itemStack>
		</output>
	</Recipe>
	<Recipe timeRequired="100" power ="10">
		<input>
			<itemStack>actuallyadditions:item_chest_obsidian</itemStack>
			<oreDict>gemDiamond</oreDict>
			<itemStack>advancedrocketry:pressuretank 1 3</itemStack>
		</input>
		<output>
			<itemStack>actuallyadditions:item_chest_obsidian</itemStack>
		</output>
	</Recipe>
	<Recipe timeRequired="100" power ="10">
		<input>
			<itemStack>actuallyadditions:item_pants_obsidian</itemStack>
			<oreDict>gemDiamond</oreDict>
		</input>
		<output>
			<itemStack>actuallyadditions:item_pants_obsidian</itemStack>
		</output>
	</Recipe>
	<Recipe timeRequired="100" power ="10">
		<input>
			<itemStack>actuallyadditions:item_boots_obsidian</itemStack>
			<oreDict>gemDiamond</oreDict>
		</input>
		<output>
			<itemStack>actuallyadditions:item_boots_obsidian</itemStack>
		</output>
	</Recipe>
	<Recipe timeRequired="100" power ="10">
		<input>
			<itemStack>actuallyadditions:item_helm_quartz</itemStack>
			<oreDict>gemDiamond</oreDict>
		</input>
		<output>
			<itemStack>actuallyadditions:item_helm_quartz</itemStack>
		</output>
	</Recipe>
	<Recipe timeRequired="100" power ="10">
		<input>
			<itemStack>actuallyadditions:item_chest_quartz</itemStack>
			<oreDict>gemDiamond</oreDict>
			<itemStack>advancedrocketry:pressuretank 1 3</itemStack>
		</input>
		<output>
			<itemStack>actuallyadditions:item_chest_quartz</itemStack>
		</output>
	</Recipe>
	<Recipe timeRequired="100" power ="10">
		<input>
			<itemStack>actuallyadditions:item_pants_quartz</itemStack>
			<oreDict>gemDiamond</oreDict>
		</input>
		<output>
			<itemStack>actuallyadditions:item_pants_quartz</itemStack>
		</output>
	</Recipe>
	<Recipe timeRequired="100" power ="10">
		<input>
			<itemStack>actuallyadditions:item_boots_quartz</itemStack>
			<oreDict>gemDiamond</oreDict>
		</input>
		<output>
			<itemStack>actuallyadditions:item_boots_quartz</itemStack>
		</output>
	</Recipe>
	<Recipe timeRequired="100" power ="10">
		<input>
			<itemStack>actuallyadditions:item_helm_crystal_red</itemStack>
			<oreDict>gemDiamond</oreDict>
		</input>
		<output>
			<itemStack>actuallyadditions:item_helm_crystal_red</itemStack>
		</output>
	</Recipe>
	<Recipe timeRequired="100" power ="10">
		<input>
			<itemStack>actuallyadditions:item_chest_crystal_red</itemStack>
			<oreDict>gemDiamond</oreDict>
			<itemStack>advancedrocketry:pressuretank 1 3</itemStack>
		</input>
		<output>
			<itemStack>actuallyadditions:item_chest_crystal_red</itemStack>
		</output>
	</Recipe>
	<Recipe timeRequired="100" power ="10">
		<input>
			<itemStack>actuallyadditions:item_pants_crystal_red</itemStack>
			<oreDict>gemDiamond</oreDict>
		</input>
		<output>
			<itemStack>actuallyadditions:item_pants_crystal_red</itemStack>
		</output>
	</Recipe>
	<Recipe timeRequired="100" power ="10">
		<input>
			<itemStack>actuallyadditions:item_boots_crystal_red</itemStack>
			<oreDict>gemDiamond</oreDict>
		</input>
		<output>
			<itemStack>actuallyadditions:item_boots_crystal_red</itemStack>
		</output>
	</Recipe>
	<Recipe timeRequired="100" power ="10">
		<input>
			<itemStack>actuallyadditions:item_helm_crystal_blue</itemStack>
			<oreDict>gemDiamond</oreDict>
		</input>
		<output>
			<itemStack>actuallyadditions:item_helm_crystal_blue</itemStack>
		</output>
	</Recipe>
	<Recipe timeRequired="100" power ="10">
		<input>
			<itemStack>actuallyadditions:item_chest_crystal_blue</itemStack>
			<oreDict>gemDiamond</oreDict>
			<itemStack>advancedrocketry:pressuretank 1 3</itemStack>
		</input>
		<output>
			<itemStack>actuallyadditions:item_chest_crystal_blue</itemStack>
		</output>
	</Recipe>
	<Recipe timeRequired="100" power ="10">
		<input>
			<itemStack>actuallyadditions:item_pants_crystal_blue</itemStack>
			<oreDict>gemDiamond</oreDict>
		</input>
		<output>
			<itemStack>actuallyadditions:item_pants_crystal_blue</itemStack>
		</output>
	</Recipe>
	<Recipe timeRequired="100" power ="10">
		<input>
			<itemStack>actuallyadditions:item_boots_crystal_blue</itemStack>
			<oreDict>gemDiamond</oreDict>
		</input>
		<output>
			<itemStack>actuallyadditions:item_boots_crystal_blue</itemStack>
		</output>
	</Recipe>
	<Recipe timeRequired="100" power ="10">
		<input>
			<itemStack>actuallyadditions:item_helm_crystal_light_blue</itemStack>
			<oreDict>gemDiamond</oreDict>
		</input>
		<output>
			<itemStack>actuallyadditions:item_helm_crystal_light_blue</itemStack>
		</output>
	</Recipe>
	<Recipe timeRequired="100" power ="10">
		<input>
			<itemStack>actuallyadditions:item_chest_crystal_light_blue</itemStack>
			<oreDict>gemDiamond</oreDict>
			<itemStack>advancedrocketry:pressuretank 1 3</itemStack>
		</input>
		<output>
			<itemStack>actuallyadditions:item_chest_crystal_light_blue</itemStack>
		</output>
	</Recipe>
	<Recipe timeRequired="100" power ="10">
		<input>
			<itemStack>actuallyadditions:item_pants_crystal_light_blue</itemStack>
			<oreDict>gemDiamond</oreDict>
		</input>
		<output>
			<itemStack>actuallyadditions:item_pants_crystal_light_blue</itemStack>
		</output>
	</Recipe>
	<Recipe timeRequired="100" power ="10">
		<input>
			<itemStack>actuallyadditions:item_boots_crystal_light_blue</itemStack>
			<oreDict>gemDiamond</oreDict>
		</input>
		<output>
			<itemStack>actuallyadditions:item_boots_crystal_light_blue</itemStack>
		</output>
	</Recipe>
	<Recipe timeRequired="100" power ="10">
		<input>
			<itemStack>actuallyadditions:item_helm_crystal_black</itemStack>
			<oreDict>gemDiamond</oreDict>
		</input>
		<output>
			<itemStack>actuallyadditions:item_helm_crystal_black</itemStack>
		</output>
	</Recipe>
	<Recipe timeRequired="100" power ="10">
		<input>
			<itemStack>actuallyadditions:item_chest_crystal_black</itemStack>
			<oreDict>gemDiamond</oreDict>
			<itemStack>advancedrocketry:pressuretank 1 3</itemStack>
		</input>
		<output>
			<itemStack>actuallyadditions:item_chest_crystal_black</itemStack>
		</output>
	</Recipe>
	<Recipe timeRequired="100" power ="10">
		<input>
			<itemStack>actuallyadditions:item_pants_crystal_black</itemStack>
			<oreDict>gemDiamond</oreDict>
		</input>
		<output>
			<itemStack>actuallyadditions:item_pants_crystal_black</itemStack>
		</output>
	</Recipe>
	<Recipe timeRequired="100" power ="10">
		<input>
			<itemStack>actuallyadditions:item_boots_crystal_black</itemStack>
			<oreDict>gemDiamond</oreDict>
		</input>
		<output>
			<itemStack>actuallyadditions:item_boots_crystal_black</itemStack>
		</output>
	</Recipe>
	<Recipe timeRequired="100" power ="10">
		<input>
			<itemStack>actuallyadditions:item_helm_crystal_green</itemStack>
			<oreDict>gemDiamond</oreDict>
		</input>
		<output>
			<itemStack>actuallyadditions:item_helm_crystal_green</itemStack>
		</output>
	</Recipe>
	<Recipe timeRequired="100" power ="10">
		<input>
			<itemStack>actuallyadditions:item_chest_crystal_green</itemStack>
			<oreDict>gemDiamond</oreDict>
			<itemStack>advancedrocketry:pressuretank 1 3</itemStack>
		</input>
		<output>
			<itemStack>actuallyadditions:item_chest_crystal_green</itemStack>
		</output>
	</Recipe>
	<Recipe timeRequired="100" power ="10">
		<input>
			<itemStack>actuallyadditions:item_pants_crystal_green</itemStack>
			<oreDict>gemDiamond</oreDict>
		</input>
		<output>
			<itemStack>actuallyadditions:item_pants_crystal_green</itemStack>
		</output>
	</Recipe>
	<Recipe timeRequired="100" power ="10">
		<input>
			<itemStack>actuallyadditions:item_boots_crystal_green</itemStack>
			<oreDict>gemDiamond</oreDict>
		</input>
		<output>
			<itemStack>actuallyadditions:item_boots_crystal_green</itemStack>
		</output>
	</Recipe>
	<Recipe timeRequired="100" power ="10">
		<input>
			<itemStack>actuallyadditions:item_helm_crystal_white</itemStack>
			<oreDict>gemDiamond</oreDict>
		</input>
		<output>
			<itemStack>actuallyadditions:item_helm_crystal_white</itemStack>
		</output>
	</Recipe>
	<Recipe timeRequired="100" power ="10">
		<input>
			<itemStack>actuallyadditions:item_chest_crystal_white</itemStack>
			<oreDict>gemDiamond</oreDict>
			<itemStack>advancedrocketry:pressuretank 1 3</itemStack>
		</input>
		<output>
			<itemStack>actuallyadditions:item_chest_crystal_white</itemStack>
		</output>
	</Recipe>
	<Recipe timeRequired="100" power ="10">
		<input>
			<itemStack>actuallyadditions:item_pants_crystal_white</itemStack>
			<oreDict>gemDiamond</oreDict>
		</input>
		<output>
			<itemStack>actuallyadditions:item_pants_crystal_white</itemStack>
		</output>
	</Recipe>
	<Recipe timeRequired="100" power ="10">
		<input>
			<itemStack>actuallyadditions:item_boots_crystal_white</itemStack>
			<oreDict>gemDiamond</oreDict>
		</input>
		<output>
			<itemStack>actuallyadditions:item_boots_crystal_white</itemStack>
		</output>
	</Recipe>
	<Recipe timeRequired="100" power ="10">
		<input>
			<itemStack>astralsorcery:itemcape</itemStack>
			<oreDict>gemDiamond</oreDict>
			<itemStack>advancedrocketry:pressuretank 1 3</itemStack>
		</input>
		<output>
			<itemStack>astralsorcery:itemcape</itemStack>
		</output>
	</Recipe>
	<Recipe timeRequired="100" power ="10">
		<input>
			<itemStack>quark:pirate_hat</itemStack>
			<oreDict>gemDiamond</oreDict>
		</input>
		<output>
			<itemStack>quark:pirate_hat</itemStack>
		</output>
	</Recipe>
	<Recipe timeRequired="100" power ="10">
		<input>
			<itemStack>quark:witch_hat</itemStack>
			<oreDict>gemDiamond</oreDict>
		</input>
		<output>
			<itemStack>quark:witch_hat</itemStack>
		</output>
	</Recipe>
	<Recipe timeRequired="100" power ="10">
		<input>
			<itemStack>psi:psimetal_exosuit_helmet</itemStack>
			<oreDict>gemDiamond</oreDict>
		</input>
		<output>
			<itemStack>psi:psimetal_exosuit_helmet</itemStack>
		</output>
	</Recipe>
	<Recipe timeRequired="100" power ="10">
		<input>
			<itemStack>psi:psimetal_exosuit_chestplate</itemStack>
			<oreDict>gemDiamond</oreDict>
			<itemStack>advancedrocketry:pressuretank 1 3</itemStack>
		</input>
		<output>
			<itemStack>psi:psimetal_exosuit_chestplate</itemStack>
		</output>
	</Recipe>
	<Recipe timeRequired="100" power ="10">
		<input>
			<itemStack>psi:psimetal_exosuit_leggings</itemStack>
			<oreDict>gemDiamond</oreDict>
		</input>
		<output>
			<itemStack>psi:psimetal_exosuit_leggings</itemStack>
		</output>
	</Recipe>
	<Recipe timeRequired="100" power ="10">
		<input>
			<itemStack>psi:psimetal_exosuit_boots</itemStack>
			<oreDict>gemDiamond</oreDict>
		</input>
		<output>
			<itemStack>psi:psimetal_exosuit_boots</itemStack>
		</output>
	</Recipe>
	<Recipe timeRequired="100" power ="10">
		<input>
			<itemStack>cyclicmagic:purple_boots</itemStack>
			<oreDict>gemDiamond</oreDict>
		</input>
		<output>
			<itemStack>cyclicmagic:purple_boots</itemStack>
		</output>
	</Recipe>
	<Recipe timeRequired="100" power ="10">
		<input>
			<itemStack>cyclicmagic:glowing_helmet</itemStack>
			<oreDict>gemDiamond</oreDict>
		</input>
		<output>
			<itemStack>cyclicmagic:glowing_helmet</itemStack>
		</output>
	</Recipe>
	<Recipe timeRequired="100" power ="10">
		<input>
			<itemStack>cyclicmagic:purple_leggings</itemStack>
			<oreDict>gemDiamond</oreDict>
		</input>
		<output>
			<itemStack>cyclicmagic:purple_leggings</itemStack>
		</output>
	</Recipe>
	<Recipe timeRequired="100" power ="10">
		<input>
			<itemStack>cyclicmagic:purple_helmet</itemStack>
			<oreDict>gemDiamond</oreDict>
		</input>
		<output>
			<itemStack>cyclicmagic:purple_helmet</itemStack>
		</output>
	</Recipe>
	<Recipe timeRequired="100" power ="10">
		<input>
			<itemStack>cyclicmagic:purple_chestplate</itemStack>
			<oreDict>gemDiamond</oreDict>
			<itemStack>advancedrocketry:pressuretank 1 3</itemStack>
		</input>
		<output>
			<itemStack>cyclicmagic:purple_chestplate</itemStack>
		</output>
	</Recipe>
	<Recipe timeRequired="100" power ="10">
		<input>
			<itemStack>embers:ashen_cloak_head</itemStack>
			<oreDict>gemDiamond</oreDict>
		</input>
		<output>
			<itemStack>embers:ashen_cloak_head</itemStack>
		</output>
	</Recipe>
	<Recipe timeRequired="100" power ="10">
		<input>
			<itemStack>embers:ashen_cloak_chest</itemStack>
			<oreDict>gemDiamond</oreDict>
			<itemStack>advancedrocketry:pressuretank 1 3</itemStack>
		</input>
		<output>
			<itemStack>embers:ashen_cloak_chest</itemStack>
		</output>
	</Recipe>
	<Recipe timeRequired="100" power ="10">
		<input>
			<itemStack>embers:ashen_cloak_legs</itemStack>
			<oreDict>gemDiamond</oreDict>
		</input>
		<output>
			<itemStack>embers:ashen_cloak_legs</itemStack>
		</output>
	</Recipe>
	<Recipe timeRequired="100" power ="10">
		<input>
			<itemStack>embers:ashen_cloak_boots</itemStack>
			<oreDict>gemDiamond</oreDict>
		</input>
		<output>
			<itemStack>embers:ashen_cloak_boots</itemStack>
		</output>
	</Recipe>
	<Recipe timeRequired="100" power ="10">
		<input>
			<itemStack>extrabitmanipulation:chiseled_helmet</itemStack>
			<oreDict>gemDiamond</oreDict>
		</input>
		<output>
			<itemStack>extrabitmanipulation:chiseled_helmet</itemStack>
		</output>
	</Recipe>
	<Recipe timeRequired="100" power ="10">
		<input>
			<itemStack>extrabitmanipulation:chiseled_chestplate</itemStack>
			<oreDict>gemDiamond</oreDict>
			<itemStack>advancedrocketry:pressuretank 1 3</itemStack>
		</input>
		<output>
			<itemStack>extrabitmanipulation:chiseled_chestplate</itemStack>
		</output>
	</Recipe>
	<Recipe timeRequired="100" power ="10">
		<input>
			<itemStack>extrabitmanipulation:chiseled_leggings</itemStack>
			<oreDict>gemDiamond</oreDict>
		</input>
		<output>
			<itemStack>extrabitmanipulation:chiseled_leggings</itemStack>
		</output>
	</Recipe>
	<Recipe timeRequired="100" power ="10">
		<input>
			<itemStack>extrabitmanipulation:chiseled_boots</itemStack>
			<oreDict>gemDiamond</oreDict>
		</input>
		<output>
			<itemStack>extrabitmanipulation:chiseled_boots</itemStack>
		</output>
	</Recipe>
	<Recipe timeRequired="100" power ="10">
		<input>
			<itemStack>harvestcraft:hardenedleatherhelmitem</itemStack>
			<oreDict>gemDiamond</oreDict>
		</input>
		<output>
			<itemStack>harvestcraft:hardenedleatherhelmitem</itemStack>
		</output>
	</Recipe>
	<Recipe timeRequired="100" power ="10">
		<input>
			<itemStack>harvestcraft:hardenedleatherchestitem</itemStack>
			<oreDict>gemDiamond</oreDict>
			<itemStack>advancedrocketry:pressuretank 1 3</itemStack>
		</input>
		<output>
			<itemStack>harvestcraft:hardenedleatherchestitem</itemStack>
		</output>
	</Recipe>
	<Recipe timeRequired="100" power ="10">
		<input>
			<itemStack>harvestcraft:hardenedleatherleggingsitem</itemStack>
			<oreDict>gemDiamond</oreDict>
		</input>
		<output>
			<itemStack>harvestcraft:hardenedleatherleggingsitem</itemStack>
		</output>
	</Recipe>
	<Recipe timeRequired="100" power ="10">
		<input>
			<itemStack>harvestcraft:hardenedleatherbootsitem</itemStack>
			<oreDict>gemDiamond</oreDict>
		</input>
		<output>
			<itemStack>harvestcraft:hardenedleatherbootsitem</itemStack>
		</output>
	</Recipe>
</Recipes>