<!-->
	<Recipe timeRequired="NUMBER" power="NUMBER">
		<input>
			<fluidStack>FLUID NAME SIZE</fluidStack>
			<itemStack>ITEM_NAME SIZE META</itemStack>
			<oreDict>OREDICT_NAME SIZE</oreDict>
        </input>
		<output>
			<fluidStack>FLUID_NAME SIZE</fluidStack>
			<itemStack>ITEM_NAME SIZE META</itemStack>
			<oreDict>OREDICT_NAME SIZE</oreDict>
		</output>
	</Recipe>
	
	Can have Multiple In/Outputs
	Some Machines can only Accept either Fluids or Items
	
	timeRequired="NUMBER"	how long a Recipe takes, Unit is in Ticks.
	power="NUMBER" how much Power the Recipes takes per Tick. Unit is in RF.
	
	The "useDefault" attribute will prevent loading of recipes if set to "false"
<!-->
<Recipes useDefault="false">
	<Recipe timeRequired="0" power ="0">
		<input>
			<oreDict>oreDilithium</oreDict>
		</input>
		<output>
			<itemStack>libvulpes:productdust 2</itemStack>
		</output>
	</Recipe>
	<Recipe timeRequired="0" power ="0">
		<input>
			<oreDict>blockIron</oreDict>
		</input>
		<output>
			<itemStack>libvulpes:productplate 4 1</itemStack>
		</output>
	</Recipe>
	<Recipe timeRequired="0" power ="0">
		<input>
			<oreDict>oreIron</oreDict>
		</input>
		<output>
			<itemStack>libvulpes:productdust 2 1</itemStack>
		</output>
	</Recipe>
	<Recipe timeRequired="0" power ="0">
		<input>
			<oreDict>blockGold</oreDict>
		</input>
		<output>
			<itemStack>libvulpes:productplate 4 2</itemStack>
		</output>
	</Recipe>
	<Recipe timeRequired="0" power ="0">
		<input>
			<oreDict>oreGold</oreDict>
		</input>
		<output>
			<itemStack>libvulpes:productdust 2 2</itemStack>
		</output>
	</Recipe>
	<Recipe timeRequired="0" power ="0">
		<input>
			<oreDict>blockCopper</oreDict>
		</input>
		<output>
			<itemStack>libvulpes:productplate 4 4</itemStack>
		</output>
	</Recipe>
	<Recipe timeRequired="0" power ="0">
		<input>
			<oreDict>oreCopper</oreDict>
		</input>
		<output>
			<itemStack>libvulpes:productdust 2 4</itemStack>
		</output>
	</Recipe>
	<Recipe timeRequired="0" power ="0">
		<input>
			<oreDict>blockTin</oreDict>
		</input>
		<output>
			<itemStack>libvulpes:productplate 4 5</itemStack>
		</output>
	</Recipe>
	<Recipe timeRequired="0" power ="0">
		<input>
			<oreDict>oreTin</oreDict>
		</input>
		<output>
			<itemStack>libvulpes:productdust 2 5</itemStack>
		</output>
	</Recipe>
	<Recipe timeRequired="0" power ="0">
		<input>
			<oreDict>blockSteel</oreDict>
		</input>
		<output>
			<itemStack>libvulpes:productplate 4 6</itemStack>
		</output>
	</Recipe>
	<Recipe timeRequired="0" power ="0">
		<input>
			<oreDict>blockTitanium</oreDict>
		</input>
		<output>
			<itemStack>libvulpes:productplate 4 7</itemStack>
		</output>
	</Recipe>
	<Recipe timeRequired="0" power ="0">
		<input>
			<oreDict>blockAluminum</oreDict>
		</input>
		<output>
			<itemStack>libvulpes:productplate 4 9</itemStack>
		</output>
	</Recipe>
	<Recipe timeRequired="0" power ="0">
		<input>
			<oreDict>oreAluminum</oreDict>
		</input>
		<output>
			<itemStack>libvulpes:productdust 2 9</itemStack>
		</output>
	</Recipe>
	<Recipe timeRequired="0" power ="0">
		<input>
			<oreDict>blockIridium</oreDict>
		</input>
		<output>
			<itemStack>libvulpes:productplate 4 10</itemStack>
		</output>
	</Recipe>
	<Recipe timeRequired="0" power ="0">
		<input>
			<oreDict>oreIridium</oreDict>
		</input>
		<output>
			<itemStack>libvulpes:productdust 2 10</itemStack>
		</output>
	</Recipe>
	<Recipe timeRequired="0" power ="0">
		<input>
			<oreDict>blockTitaniumAluminide</oreDict>
		</input>
		<output>
			<itemStack>advancedrocketry:productplate 4</itemStack>
		</output>
	</Recipe>
	<Recipe timeRequired="0" power ="0">
		<input>
			<oreDict>blockTitaniumIridium</oreDict>
		</input>
		<output>
			<itemStack>advancedrocketry:productplate 4 1</itemStack>
		</output>
	</Recipe>
</Recipes>