{
  "minecraft:acacia_door": "minecraft:acacia_door",
  "minecraft:bed": "minecraft:bed",
  "minecraft:beetroots": "minecraft:beetroot_seeds",
  "minecraft:birch_door": "minecraft:birch_door",
  "minecraft:brewing_stand": "minecraft:brewing_stand",
  "minecraft:cauldron": "minecraft:cauldron",
  "minecraft:dark_oak_door": "minecraft:dark_oak_door",
  "minecraft:daylight_detector_inverted": "minecraft:daylight_detector",
  "minecraft:double_stone_slab": "minecraft:stone_slab",
  "minecraft:double_stone_slab2": "minecraft:stone_slab",
  "minecraft:double_wooden_slab": "minecraft:wooden_slab",
  "minecraft:flower_pot": "minecraft:flower_pot",
  "minecraft:iron_door": "minecraft:iron_door",
  "minecraft:jungle_door": "minecraft:jungle_door",
  "minecraft:melon_stem": "minecraft:melon_seeds",
  "minecraft:nether_wart": "minecraft:nether_wart",
  "minecraft:potatoes": "minecraft:potato",
  "minecraft:pumpkin_stem": "minecraft:pumpkin_seeds",
  "minecraft:purpur_double_slab": "minecraft:stone_slab",
  "minecraft:redstone_wire": "minecraft:redstone",
  "minecraft:skull": "minecraft:skull",
  "minecraft:spruce_door": "minecraft:spruce_door",
  "minecraft:standing_sign": "minecraft:sign",
  "minecraft:tripwire": "minecraft:string",
  "minecraft:unpowered_comparator": "minecraft:comparator",
  "minecraft:unpowered_repeater": "minecraft:repeater",
  "minecraft:wall_sign": "minecraft:sign",
  "minecraft:wheat": "minecraft:wheat_seeds",
  "minecraft:wooden_door": "minecraft:wooden_door"
}