{
    "images":
    {
        "enigmatica2":
        {
            "image" : "modpack:textures/gui/enigmatica2.png",
            "posX" : -130,
            "posY" : 15,
            "width" : 400,
            "height" : 75,
            "alignment" : "top_center"
        },
		"2":
        {
            "image" : "modpack:textures/gui/2.png",
            "posX" : 265,
            "posY" : 35,
            "width" : 50,
            "height" : 50,
            "alignment" : "top_center"
        },
		
		"transparentBox":
        {
            "image" : "modpack:textures/gui/image1.png",
            "posX" : 25,
            "posY" : -125,
            "width" : 140,
            "height" : 255,
            "alignment" : "left_center"
        }
    },
    
    "buttons":
    {
		"singleplayer": {
            "text": "menu.singleplayer",
            "posX": 44,
            "posY": -110,
            "width": 100,
            "height": 20,
            "normalTextColor": 16777215,
            "hoverTextColor": 4286414205,
            "texture": "modpack:textures/gui/button2.png",
            "alignment": "left_center",
            "action": {
                "type": "openGui",
                "gui": "singleplayer"
            }
        },
        "multiplayer": {
            "text": "menu.multiplayer",
            "posX": 44,
            "posY": -80,
            "width": 100,
            "height": 20,
            "normalTextColor": 16777215,
            "hoverTextColor": 4286414205,
            "texture": "modpack:textures/gui/button2.png",
            "alignment": "left_center",
            "action": {
                "type": "openGui",
                "gui": "multiplayer"
            }
        },
        "mods": {
            "text": "fml.menu.mods",
            "posX": 44,
            "posY": -50,
            "width": 100,
            "height": 20,
            "normalTextColor": 16777215,
            "hoverTextColor": 4286414205,
            "texture": "modpack:textures/gui/button2.png",
            "alignment": "left_center",
            "action": {
                "type": "openGui",
                "gui": "mods"
            }
        },
        "options": {
            "text": "menu.options",
            "posX": 44,
            "posY": -20,
            "width": 100,
            "height": 20,
            "normalTextColor": 16777215,
            "hoverTextColor": 4286414205,
            "texture": "modpack:textures/gui/button2.png",
            "alignment": "left_center",
            "action": {
                "type": "openGui",
                "gui": "options"
            }
        },
        
        "languages": {
            "text": "Languages",
            "posX": 44,
            "posY": 10,
            "width": 100,
            "height": 20,
            "normalTextColor": 16777215,
            "hoverTextColor": 4286414205,
            "texture": "modpack:textures/gui/button2.png",
            "alignment": "left_center",
            "action": {
                "type": "openGui",
                "gui": "languages"
            }
        },
        "bug reports": {
            "text": "Bug Reports",
            "posX": 44,
            "posY": 40,
            "width": 100,
            "height": 20,
            "normalTextColor": 16777215,
            "hoverTextColor": 4286414205,
            "texture": "modpack:textures/gui/button2.png",
            "alignment": "left_center",
            "action": {
                "type": "openLink",
                "link": "https://github.com/NillerMedDild/Enigmatica2/issues"
            }
        },
		"discord": {
            "text": "Discord",
            "posX": 44,
            "posY": 70,
            "width": 100,
            "height": 20,
            "normalTextColor": 16777215,
            "hoverTextColor": 4286414205,
            "texture": "modpack:textures/gui/button2.png",
            "alignment": "left_center",
            "action" : 
            {
                "type" : "openLink",
                "link" : "https://discord.gg/HnWNd7X"
            }
        },
        "quit": {
            "text": "menu.quit",
            "posX": 44,
            "posY": 100,
            "width": 100,
            "height": 20,
            "normalTextColor": 16777215,
            "hoverTextColor": 4286414205,
            "texture": "modpack:textures/gui/button2.png",
            "alignment": "left_center",
            "action": {
                "type": "quit"
            }
        }
	},
    
    "labels":
    {
        "mojang":
        {
            "text" : "Copyright Mojang AB. Do not distribute!",
            "posX" : 8,
            "posY" : -20,
            "color" : -1,
            "alignment" : "bottom_left"
        },
		
		"mods":
        {
            "text" : "There are currently #modsloaded# mods loaded.",
            "posX" : 8,
            "posY" : -35,
			"fontSize" : 1,
            "color" : -1,
            "alignment" : "bottom_left"
        }
	},
    
    "other":
    {
        
        
        "panorama":
        {
            "images" : "modpack:textures/panoramas/crag/panorama_%c.png",
            "animate" : true,
            "animationSpeed" : 1.5,
            "blur" : false,
            "gradient" : true
        }
    }
}